National LGA Name 2021,Year,Fatalities,Population,Fatality Rate
Adelaide,2015,2,26141,7.650816725
Adelaide,2016,1,26141,3.825408362
Adelaide,2017,2,26141,7.650816725
Adelaide,2018,2,26141,7.650816725
Adelaide,2019,1,26141,3.825408362
Adelaide Hills,2015,5,41411,12.0740866
Adelaide Hills,2016,2,41411,4.829634638
Adelaide Hills,2017,5,41411,12.0740866
Adelaide Hills,2018,3,41411,7.244451957
Adelaide Hills,2019,4,41411,9.659269276
Adelaide Hills,2020,6,41411,14.48890391
Adelaide Hills,2021,5,41411,12.0740866
Adelaide Hills,2022,2,41411,4.829634638
Adelaide Plains,2015,1,10456,9.563886764
Adelaide Plains,2017,4,10456,38.25554705
Adelaide Plains,2019,3,10456,28.69166029
Adelaide Plains,2020,2,10456,19.12777353
Adelaide Plains,2021,2,10456,19.12777353
Albany,2015,1,40416,2.474267617
Albany,2016,1,40416,2.474267617
Albany,2017,5,40416,12.37133808
Albany,2019,1,40416,2.474267617
Albany,2021,2,40416,4.948535234
Albury,2017,2,56666,3.529453288
Albury,2018,1,56666,1.764726644
Albury,2019,1,56666,1.764726644
Albury,2021,2,56666,3.529453288
Albury,2022,1,56666,1.764726644
Alexandrina,2015,1,29754,3.360892653
Alexandrina,2016,1,29754,3.360892653
Alexandrina,2017,3,29754,10.08267796
Alexandrina,2018,6,29754,20.16535592
Alexandrina,2019,3,29754,10.08267796
Alexandrina,2020,6,29754,20.16535592
Alexandrina,2021,2,29754,6.721785306
Alexandrina,2022,2,29754,6.721785306
Alice Springs,2015,4,28855,13.86241553
Alice Springs,2016,2,28855,6.931207763
Alice Springs,2017,1,28855,3.465603881
Alice Springs,2018,6,28855,20.79362329
Alice Springs,2019,3,28855,10.39681164
Alice Springs,2020,1,28855,3.465603881
Alice Springs,2021,1,28855,3.465603881
Alice Springs,2022,2,28855,6.931207763
Alpine,2018,4,13187,30.33290362
Alpine,2019,2,13187,15.16645181
Alpine,2020,1,13187,7.583225904
Alpine,2022,2,13187,15.16645181
Anangu Pitjantjatjara Yunkunytjatjara,2016,1,2598,38.49114704
Anangu Pitjantjatjara Yunkunytjatjara,2017,1,2598,38.49114704
Anangu Pitjantjatjara Yunkunytjatjara,2019,1,2598,38.49114704
Anangu Pitjantjatjara Yunkunytjatjara,2020,1,2598,38.49114704
Ararat,2015,2,11754,17.01548409
Ararat,2016,3,11754,25.52322614
Ararat,2017,1,11754,8.507742045
Ararat,2018,1,11754,8.507742045
Ararat,2019,3,11754,25.52322614
Ararat,2021,1,11754,8.507742045
Ararat,2022,1,11754,8.507742045
Armadale,2015,3,100768,2.977135599
Armadale,2016,3,100768,2.977135599
Armadale,2017,6,100768,5.954271197
Armadale,2018,4,100768,3.969514131
Armadale,2019,6,100768,5.954271197
Armadale,2020,5,100768,4.961892664
Armadale,2021,3,100768,2.977135599
Armidale,2015,4,29360,13.6239782
Armidale,2016,2,29360,6.811989101
Armidale,2018,2,29360,6.811989101
Armidale,2019,1,29360,3.40599455
Armidale,2020,2,29360,6.811989101
Armidale,2021,1,29360,3.40599455
Armidale,2022,3,29360,10.21798365
Ashburton,2015,2,7834,25.52974215
Ashburton,2016,3,7834,38.29461322
Ashburton,2019,3,7834,38.29461322
Augusta Margaret River,2015,1,17901,5.586280096
Augusta Margaret River,2016,1,17901,5.586280096
Augusta Margaret River,2017,1,17901,5.586280096
Augusta Margaret River,2018,1,17901,5.586280096
Augusta Margaret River,2019,2,17901,11.17256019
Augusta Margaret River,2021,5,17901,27.93140048
Ballarat,2015,3,115951,2.587299808
Ballarat,2016,7,115951,6.037032885
Ballarat,2017,4,115951,3.449733077
Ballarat,2018,3,115951,2.587299808
Ballarat,2019,2,115951,1.724866538
Ballarat,2020,2,115951,1.724866538
Ballarat,2021,3,115951,2.587299808
Ballarat,2022,4,115951,3.449733077
Ballina,2015,1,46850,2.134471718
Ballina,2016,4,46850,8.537886873
Ballina,2017,1,46850,2.134471718
Ballina,2018,3,46850,6.403415155
Ballina,2019,1,46850,2.134471718
Ballina,2020,1,46850,2.134471718
Ballina,2021,4,46850,8.537886873
Ballina,2022,3,46850,6.403415155
Balonne,2018,1,4353,22.97266253
Balonne,2020,1,4353,22.97266253
Balonne,2022,2,4353,45.94532506
Balranald,2016,1,2210,45.24886878
Balranald,2018,1,2210,45.24886878
Balranald,2019,3,2210,135.7466063
Balranald,2021,1,2210,45.24886878
Balranald,2022,1,2210,45.24886878
Banana,2018,1,14779,6.76635767
Banana,2020,1,14779,6.76635767
Banana,2021,3,14779,20.29907301
Banana,2022,5,14779,33.83178835
Banyule,2015,3,127348,2.3557496
Banyule,2016,1,127348,0.7852498665
Banyule,2017,3,127348,2.3557496
Banyule,2018,2,127348,1.570499733
Banyule,2019,1,127348,0.7852498665
Banyule,2020,2,127348,1.570499733
Banyule,2021,1,127348,0.7852498665
Banyule,2022,2,127348,1.570499733
Barcaldine,2020,1,2865,34.90401396
Barcoo,2018,2,315,634.9206349
Barkly,2015,5,7214,69.30967563
Barkly,2016,6,7214,83.17161076
Barkly,2018,7,7214,97.03354588
Barkly,2020,4,7214,55.4477405
Barkly,2021,2,7214,27.72387025
Barkly,2022,3,7214,41.58580538
Barossa,2015,2,25869,7.731261355
Barossa,2016,3,25869,11.59689203
Barossa,2017,9,25869,34.7906761
Barossa,2018,2,25869,7.731261355
Barossa,2019,1,25869,3.865630678
Barossa,2020,2,25869,7.731261355
Barossa,2021,10,25869,38.65630678
Barossa,2022,1,25869,3.865630678
Barunga West,2019,2,2673,74.82229704
Bass Coast,2016,3,41798,7.177376908
Bass Coast,2017,3,41798,7.177376908
Bass Coast,2019,2,41798,4.784917939
Bass Coast,2020,2,41798,4.784917939
Bass Coast,2022,3,41798,7.177376908
Bassendean,2017,1,16600,6.024096386
Bassendean,2021,1,16600,6.024096386
Bathurst,2015,6,44112,13.60174102
Bathurst,2016,6,44112,13.60174102
Bathurst,2017,5,44112,11.33478419
Bathurst,2018,2,44112,4.533913674
Bathurst,2019,2,44112,4.533913674
Bathurst,2020,3,44112,6.800870511
Bathurst,2021,2,44112,4.533913674
Bathurst,2022,2,44112,4.533913674
Baw Baw,2015,1,59248,1.687820686
Baw Baw,2016,5,59248,8.43910343
Baw Baw,2017,2,59248,3.375641372
Baw Baw,2018,4,59248,6.751282744
Baw Baw,2019,4,59248,6.751282744
Baw Baw,2020,1,59248,1.687820686
Baw Baw,2021,8,59248,13.50256549
Baw Baw,2022,2,59248,3.375641372
Bayside (NSW),2015,2,177945,1.123942791
Bayside (NSW),2016,6,177945,3.371828374
Bayside (NSW),2017,10,177945,5.619713957
Bayside (NSW),2018,8,177945,4.495771165
Bayside (NSW),2019,2,177945,1.123942791
Bayside (NSW),2020,5,177945,2.809856978
Bayside (NSW),2021,3,177945,1.685914187
Bayside (NSW),2022,1,177945,0.5619713957
Bayside (Vic.),2020,1,102177,0.9786938352
Bayside (Vic.),2021,1,102177,0.9786938352
Bayswater,2015,6,72165,8.314279776
Bayswater,2016,1,72165,1.385713296
Bayswater,2017,1,72165,1.385713296
Bayswater,2019,1,72165,1.385713296
Bayswater,2021,2,72165,2.771426592
Bega Valley,2015,5,35988,13.89352006
Bega Valley,2016,2,35988,5.557408025
Bega Valley,2017,1,35988,2.778704012
Bega Valley,2018,4,35988,11.11481605
Bega Valley,2019,3,35988,8.336112037
Bega Valley,2020,1,35988,2.778704012
Bega Valley,2021,2,35988,5.557408025
Bega Valley,2022,1,35988,2.778704012
Bellingen,2015,4,13262,30.16136329
Bellingen,2016,2,13262,15.08068165
Bellingen,2017,4,13262,30.16136329
Bellingen,2018,1,13262,7.540340823
Bellingen,2019,4,13262,30.16136329
Bellingen,2020,3,13262,22.62102247
Bellingen,2021,1,13262,7.540340823
Bellingen,2022,1,13262,7.540340823
Belmont,2015,1,44303,2.257183486
Belmont,2017,1,44303,2.257183486
Belmont,2018,1,44303,2.257183486
Belmont,2020,1,44303,2.257183486
Belmont,2021,2,44303,4.514366973
Benalla,2015,4,14457,27.66825759
Benalla,2017,5,14457,34.58532199
Benalla,2018,3,14457,20.75119319
Benalla,2021,2,14457,13.8341288
Berri Barmera,2016,3,10713,28.0033604
Berri Barmera,2019,1,10713,9.334453468
Berrigan,2017,2,8653,23.11337109
Berrigan,2018,1,8653,11.55668554
Berrigan,2019,1,8653,11.55668554
Berrigan,2022,1,8653,11.55668554
Beverley,2017,1,1738,57.53739931
Beverley,2020,1,1738,57.53739931
Beverley,2021,1,1738,57.53739931
Blacktown,2015,1,410897,0.243369993
Blacktown,2016,10,410897,2.43369993
Blacktown,2017,7,410897,1.703589951
Blacktown,2018,4,410897,0.9734799719
Blacktown,2019,11,410897,2.677069923
Blacktown,2020,7,410897,1.703589951
Blacktown,2021,6,410897,1.460219958
Blacktown,2022,8,410897,1.946959944
Bland,2015,4,5494,72.80669822
Bland,2016,1,5494,18.20167455
Bland,2017,1,5494,18.20167455
Bland,2018,2,5494,36.40334911
Bland,2019,1,5494,18.20167455
Bland,2020,1,5494,18.20167455
Bland,2021,1,5494,18.20167455
Bland,2022,2,5494,36.40334911
Blayney,2017,1,7591,13.17349493
Blayney,2018,2,7591,26.34698986
Blayney,2019,2,7591,26.34698986
Blue Mountains,2016,2,77913,2.566965718
Blue Mountains,2017,1,77913,1.283482859
Blue Mountains,2018,2,77913,2.566965718
Blue Mountains,2019,1,77913,1.283482859
Blue Mountains,2020,3,77913,3.850448577
Blue Mountains,2021,2,77913,2.566965718
Blue Mountains,2022,3,77913,3.850448577
Boddington,2016,2,1757,113.8303927
Boddington,2018,2,1757,113.8303927
Boddington,2019,1,1757,56.91519636
Boddington,2021,1,1757,56.91519636
Bogan,2016,2,2454,81.4995925
Bogan,2017,1,2454,40.74979625
Bogan,2019,2,2454,81.4995925
Bogan,2021,1,2454,40.74979625
Bogan,2022,2,2454,81.4995925
Boroondara,2015,2,169500,1.179941003
Boroondara,2016,4,169500,2.359882006
Boroondara,2017,1,169500,0.5899705015
Boroondara,2018,4,169500,2.359882006
Boroondara,2019,2,169500,1.179941003
Boroondara,2020,6,169500,3.539823009
Boroondara,2021,1,169500,0.5899705015
Boroondara,2022,1,169500,0.5899705015
Bourke,2015,1,2348,42.58943782
Bourke,2018,1,2348,42.58943782
Break O'Day,2015,2,7009,28.53474105
Break O'Day,2017,1,7009,14.26737052
Break O'Day,2019,1,7009,14.26737052
Break O'Day,2021,2,7009,28.53474105
Break O'Day,2022,3,7009,42.80211157
Brewarrina,2019,3,1431,209.6436059
Brewarrina,2022,2,1431,139.7624039
Bridgetown-Greenbushes,2015,1,5526,18.09627217
Bridgetown-Greenbushes,2017,2,5526,36.19254434
Bridgetown-Greenbushes,2019,1,5526,18.09627217
Bridgetown-Greenbushes,2020,1,5526,18.09627217
Brighton,2015,2,19691,10.15692448
Brighton,2017,3,19691,15.23538672
Brighton,2018,1,19691,5.078462242
Brighton,2019,1,19691,5.078462242
Brighton,2020,1,19691,5.078462242
Brighton,2022,2,19691,10.15692448
Brimbank,2015,4,193256,2.069793435
Brimbank,2016,15,193256,7.76172538
Brimbank,2017,4,193256,2.069793435
Brimbank,2018,6,193256,3.104690152
Brimbank,2019,10,193256,5.174483587
Brimbank,2020,1,193256,0.5174483587
Brimbank,2021,6,193256,3.104690152
Brimbank,2022,11,193256,5.691931945
Brisbane,2018,23,1283002,1.792670627
Brisbane,2019,20,1283002,1.558844024
Brisbane,2020,16,1283002,1.247075219
Brisbane,2021,24,1283002,1.870612828
Brisbane,2022,30,1283002,2.338266035
Broken Hill,2020,1,17569,5.691843588
Brookton,2015,2,955,209.4240838
Brookton,2017,1,955,104.7120419
Brookton,2018,1,955,104.7120419
Brookton,2019,3,955,314.1361257
Broome,2015,1,18353,5.448700485
Broome,2017,4,18353,21.79480194
Broome,2018,1,18353,5.448700485
Broome,2020,2,18353,10.89740097
Broome,2021,1,18353,5.448700485
Broomehill-Tambellup,2016,1,1087,91.99632015
Broomehill-Tambellup,2018,2,1087,183.9926403
Broomehill-Tambellup,2019,3,1087,275.9889604
Broomehill-Tambellup,2020,2,1087,183.9926403
Broomehill-Tambellup,2021,1,1087,91.99632015
Bruce Rock,2016,4,1019,392.5417076
Bruce Rock,2019,1,1019,98.13542689
Bruce Rock,2021,1,1019,98.13542689
Bulloo,2022,1,343,291.5451895
Buloke,2015,2,6118,32.69042171
Buloke,2016,1,6118,16.34521085
Buloke,2017,2,6118,32.69042171
Buloke,2019,2,6118,32.69042171
Buloke,2020,2,6118,32.69042171
Buloke,2021,2,6118,32.69042171
Bunbury,2017,3,34393,8.722705202
Bunbury,2020,2,34393,5.815136801
Bunbury,2021,2,34393,5.815136801
Bundaberg,2018,13,102076,12.73560876
Bundaberg,2019,15,102076,14.69493319
Bundaberg,2020,14,102076,13.71527097
Bundaberg,2021,15,102076,14.69493319
Bundaberg,2022,4,102076,3.91864885
Burdekin,2018,3,16869,17.78410101
Burdekin,2019,1,16869,5.928033671
Burdekin,2020,5,16869,29.64016836
Burdekin,2021,2,16869,11.85606734
Burdekin,2022,2,16869,11.85606734
Burke,2019,1,432,231.4814815
Burnie,2015,3,20472,14.65416178
Burnie,2019,1,20472,4.884720594
Burnie,2020,1,20472,4.884720594
Burnie,2021,2,20472,9.769441188
Burnie,2022,1,20472,4.884720594
Burnside,2015,1,46694,2.141602776
Burnside,2017,3,46694,6.424808327
Burnside,2018,1,46694,2.141602776
Burwood,2015,1,40832,2.449059561
Burwood,2016,2,40832,4.898119122
Burwood,2017,1,40832,2.449059561
Burwood,2022,1,40832,2.449059561
Busselton,2015,5,42911,11.65202396
Busselton,2016,1,42911,2.330404791
Busselton,2017,3,42911,6.991214374
Busselton,2018,3,42911,6.991214374
Busselton,2019,4,42911,9.321619165
Busselton,2020,7,42911,16.31283354
Busselton,2021,5,42911,11.65202396
Byron,2015,2,36510,5.477951246
Byron,2017,1,36510,2.738975623
Byron,2018,2,36510,5.477951246
Byron,2019,5,36510,13.69487812
Byron,2020,1,36510,2.738975623
Byron,2022,1,36510,2.738975623
Cabonne,2015,1,13844,7.223345854
Cabonne,2016,2,13844,14.44669171
Cabonne,2017,5,13844,36.11672927
Cabonne,2018,1,13844,7.223345854
Cabonne,2019,3,13844,21.67003756
Cabonne,2020,4,13844,28.89338342
Cabonne,2022,3,13844,21.67003756
Cairns,2018,5,171970,2.907483863
Cairns,2019,11,171970,6.3964645
Cairns,2020,7,171970,4.070477409
Cairns,2021,4,171970,2.325987091
Cairns,2022,8,171970,4.651974182
Cambridge,2016,1,30119,3.320163352
Cambridge,2018,1,30119,3.320163352
Cambridge,2019,2,30119,6.640326704
Cambridge,2021,1,30119,3.320163352
Camden,2015,3,127806,2.347307638
Camden,2016,1,127806,0.7824358794
Camden,2017,2,127806,1.564871759
Camden,2018,1,127806,0.7824358794
Camden,2019,2,127806,1.564871759
Camden,2020,1,127806,0.7824358794
Camden,2021,3,127806,2.347307638
Camden,2022,2,127806,1.564871759
Campaspe,2015,4,38541,10.3785579
Campaspe,2016,2,38541,5.18927895
Campaspe,2017,6,38541,15.56783685
Campaspe,2018,2,38541,5.18927895
Campaspe,2019,3,38541,7.783918425
Campaspe,2020,3,38541,7.783918425
Campaspe,2021,3,38541,7.783918425
Campaspe,2022,8,38541,20.7571158
Campbelltown (NSW),2015,1,180365,0.5544312921
Campbelltown (NSW),2016,3,180365,1.663293876
Campbelltown (NSW),2017,1,180365,0.5544312921
Campbelltown (NSW),2018,5,180365,2.772156461
Campbelltown (NSW),2019,5,180365,2.772156461
Campbelltown (NSW),2020,2,180365,1.108862584
Campbelltown (NSW),2021,5,180365,2.772156461
Campbelltown (NSW),2022,2,180365,1.108862584
Campbelltown (SA),2016,1,56024,1.784949307
Campbelltown (SA),2020,1,56024,1.784949307
Campbelltown (SA),2021,1,56024,1.784949307
Campbelltown (SA),2022,4,56024,7.13979723
Canada Bay,2015,3,89210,3.362851698
Canada Bay,2016,1,89210,1.120950566
Canada Bay,2018,2,89210,2.241901132
Canada Bay,2019,2,89210,2.241901132
Canada Bay,2021,1,89210,1.120950566
Canning,2015,1,99593,1.004086633
Canning,2017,2,99593,2.008173265
Canning,2018,2,99593,2.008173265
Canning,2019,4,99593,4.01634653
Canning,2020,2,99593,2.008173265
Canning,2021,5,99593,5.020433163
Canterbury-Bankstown,2015,6,372066,1.612617116
Canterbury-Bankstown,2016,10,372066,2.687695194
Canterbury-Bankstown,2017,5,372066,1.343847597
Canterbury-Bankstown,2018,10,372066,2.687695194
Canterbury-Bankstown,2019,7,372066,1.881386636
Canterbury-Bankstown,2020,5,372066,1.343847597
Canterbury-Bankstown,2021,6,372066,1.612617116
Canterbury-Bankstown,2022,8,372066,2.150156155
Capel,2016,3,19002,15.78781181
Capel,2017,2,19002,10.52520787
Capel,2018,2,19002,10.52520787
Capel,2019,2,19002,10.52520787
Capel,2020,4,19002,21.05041575
Capel,2021,1,19002,5.262603936
Cardinia,2015,8,123104,6.498570315
Cardinia,2016,7,123104,5.686249025
Cardinia,2017,6,123104,4.873927736
Cardinia,2018,7,123104,5.686249025
Cardinia,2019,4,123104,3.249285157
Cardinia,2020,3,123104,2.436963868
Cardinia,2021,14,123104,11.37249805
Cardinia,2022,5,123104,4.061606447
Carnamah,2017,1,572,174.8251748
Carnamah,2018,1,572,174.8251748
Carnamah,2019,1,572,174.8251748
Carnarvon,2015,1,5518,18.12250816
Carnarvon,2017,1,5518,18.12250816
Carnarvon,2018,2,5518,36.24501631
Carnarvon,2020,1,5518,18.12250816
Carnarvon,2021,1,5518,18.12250816
Carpentaria,2022,1,2171,46.06172271
Carrathool,2015,1,2829,35.34817957
Carrathool,2016,1,2829,35.34817957
Carrathool,2017,1,2829,35.34817957
Carrathool,2019,1,2829,35.34817957
Carrathool,2020,1,2829,35.34817957
Carrathool,2021,2,2829,70.69635914
Carrathool,2022,2,2829,70.69635914
Casey,2015,4,378831,1.055879799
Casey,2016,9,378831,2.375729547
Casey,2017,8,378831,2.111759597
Casey,2018,4,378831,1.055879799
Casey,2019,6,378831,1.583819698
Casey,2020,4,378831,1.055879799
Casey,2021,13,378831,3.431609346
Casey,2022,9,378831,2.375729547
Cassowary Coast,2018,2,29605,6.755615605
Cassowary Coast,2019,6,29605,20.26684682
Cassowary Coast,2020,5,29605,16.88903901
Cassowary Coast,2021,1,29605,3.377807803
Cassowary Coast,2022,6,29605,20.26684682
Ceduna,2015,1,3651,27.38975623
Ceduna,2016,1,3651,27.38975623
Ceduna,2019,1,3651,27.38975623
Ceduna,2020,1,3651,27.38975623
Central Coast (NSW),2015,13,349173,3.723082827
Central Coast (NSW),2016,17,349173,4.868646774
Central Coast (NSW),2017,12,349173,3.43669184
Central Coast (NSW),2018,22,349173,6.300601707
Central Coast (NSW),2019,9,349173,2.57751888
Central Coast (NSW),2020,7,349173,2.004736907
Central Coast (NSW),2021,11,349173,3.150300854
Central Coast (NSW),2022,9,349173,2.57751888
Central Coast (Tas.),2017,2,23345,8.567144999
Central Coast (Tas.),2018,2,23345,8.567144999
Central Coast (Tas.),2020,1,23345,4.283572499
Central Coast (Tas.),2021,2,23345,8.567144999
Central Coast (Tas.),2022,1,23345,4.283572499
Central Darling,2018,2,1749,114.3510577
Central Darling,2019,1,1749,57.17552887
Central Darling,2022,1,1749,57.17552887
Central Desert,2015,1,4107,24.348673
Central Desert,2016,2,4107,48.69734599
Central Desert,2017,2,4107,48.69734599
Central Desert,2018,3,4107,73.04601899
Central Desert,2019,3,4107,73.04601899
Central Desert,2020,1,4107,24.348673
Central Desert,2021,1,4107,24.348673
Central Desert,2022,1,4107,24.348673
Central Goldfields,2016,2,13516,14.7972773
Central Goldfields,2017,1,13516,7.39863865
Central Goldfields,2019,2,13516,14.7972773
Central Goldfields,2020,4,13516,29.5945546
Central Goldfields,2022,1,13516,7.39863865
Central Highlands (Qld),2018,3,28530,10.51524711
Central Highlands (Qld),2019,4,28530,14.02032948
Central Highlands (Qld),2020,6,28530,21.03049422
Central Highlands (Qld),2021,4,28530,14.02032948
Central Highlands (Qld),2022,5,28530,17.52541185
Central Highlands (Tas.),2015,3,2586,116.0092807
Central Highlands (Tas.),2016,2,2586,77.33952049
Central Highlands (Tas.),2021,2,2586,77.33952049
Cessnock,2015,3,65878,4.553872309
Cessnock,2016,3,65878,4.553872309
Cessnock,2017,4,65878,6.071829746
Cessnock,2018,3,65878,4.553872309
Cessnock,2019,1,65878,1.517957436
Cessnock,2020,6,65878,9.107744619
Cessnock,2021,5,65878,7.589787182
Cessnock,2022,2,65878,3.035914873
Chapman Valley,2016,1,1636,61.12469438
Chapman Valley,2019,1,1636,61.12469438
Chapman Valley,2021,1,1636,61.12469438
Charles Sturt,2015,7,124864,5.606099436
Charles Sturt,2016,1,124864,0.800871348
Charles Sturt,2017,2,124864,1.601742696
Charles Sturt,2018,2,124864,1.601742696
Charles Sturt,2019,3,124864,2.402614044
Charles Sturt,2020,2,124864,1.601742696
Charles Sturt,2021,5,124864,4.00435674
Charters Towers,2018,1,11981,8.346548702
Charters Towers,2019,2,11981,16.6930974
Charters Towers,2020,3,11981,25.03964611
Charters Towers,2021,9,11981,75.11893832
Charters Towers,2022,2,11981,16.6930974
Chittering,2015,1,6296,15.88310038
Chittering,2016,1,6296,15.88310038
Chittering,2017,2,6296,31.76620076
Chittering,2021,3,6296,47.64930114
Circular Head,2015,1,8367,11.95171507
Circular Head,2018,1,8367,11.95171507
Circular Head,2020,3,8367,35.85514521
Circular Head,2021,1,8367,11.95171507
Clare and Gilbert Valleys,2015,4,9383,42.63028882
Clare and Gilbert Valleys,2016,1,9383,10.65757221
Clare and Gilbert Valleys,2018,1,9383,10.65757221
Clare and Gilbert Valleys,2019,1,9383,10.65757221
Clare and Gilbert Valleys,2020,1,9383,10.65757221
Clare and Gilbert Valleys,2021,2,9383,21.31514441
Claremont,2016,1,11718,8.533879502
Claremont,2017,1,11718,8.533879502
Clarence,2015,3,63086,4.755413245
Clarence,2016,1,63086,1.585137748
Clarence,2017,4,63086,6.340550994
Clarence,2018,1,63086,1.585137748
Clarence,2020,2,63086,3.170275497
Clarence,2021,1,63086,1.585137748
Clarence,2022,4,63086,6.340550994
Clarence Valley,2015,3,54662,5.488273389
Clarence Valley,2016,12,54662,21.95309356
Clarence Valley,2017,10,54662,18.29424463
Clarence Valley,2018,8,54662,14.6353957
Clarence Valley,2019,10,54662,18.29424463
Clarence Valley,2020,7,54662,12.80597124
Clarence Valley,2021,6,54662,10.97654678
Clarence Valley,2022,3,54662,5.488273389
Cleve,2020,1,1765,56.6572238
Cleve,2021,1,1765,56.6572238
Cleve,2022,1,1765,56.6572238
Cloncurry,2018,1,3789,26.39218791
Cloncurry,2019,2,3789,52.78437582
Cloncurry,2020,4,3789,105.5687516
Cloncurry,2021,2,3789,52.78437582
Cloncurry,2022,1,3789,26.39218791
Cobar,2016,1,4046,24.71576866
Cobar,2017,1,4046,24.71576866
Cobar,2018,1,4046,24.71576866
Cobar,2021,1,4046,24.71576866
Cockburn,2015,7,125123,5.594495017
Cockburn,2016,2,125123,1.598427148
Cockburn,2017,5,125123,3.996067869
Cockburn,2018,6,125123,4.795281443
Cockburn,2019,2,125123,1.598427148
Cockburn,2020,1,125123,0.7992135738
Cockburn,2021,5,125123,3.996067869
Coffs Harbour,2016,5,79725,6.271558482
Coffs Harbour,2017,3,79725,3.762935089
Coffs Harbour,2018,2,79725,2.508623393
Coffs Harbour,2019,7,79725,8.780181875
Coffs Harbour,2020,3,79725,3.762935089
Coffs Harbour,2022,5,79725,6.271558482
Colac Otway,2015,3,22188,13.52082207
Colac Otway,2016,3,22188,13.52082207
Colac Otway,2017,5,22188,22.53470344
Colac Otway,2018,3,22188,13.52082207
Colac Otway,2019,3,22188,13.52082207
Colac Otway,2020,1,22188,4.506940689
Colac Otway,2021,3,22188,13.52082207
Colac Otway,2022,5,22188,22.53470344
Collie,2015,1,9150,10.92896175
Collie,2016,4,9150,43.71584699
Collie,2017,2,9150,21.8579235
Collie,2019,2,9150,21.8579235
Collie,2020,1,9150,10.92896175
Coober Pedy,2020,1,1574,63.53240152
Cook,2018,6,4673,128.3971753
Cook,2020,2,4673,42.79905842
Cook,2021,2,4673,42.79905842
Cook,2022,4,4673,85.59811684
Coolamon,2016,1,4465,22.39641657
Coolamon,2018,3,4465,67.18924972
Coolamon,2021,2,4465,44.79283315
Coolamon,2022,1,4465,22.39641657
Coolgardie,2015,1,3635,27.51031637
Coolgardie,2016,2,3635,55.02063274
Coolgardie,2017,1,3635,27.51031637
Coolgardie,2019,2,3635,55.02063274
Coolgardie,2021,2,3635,55.02063274
Coomalie,2016,1,1396,71.63323782
Coomalie,2019,2,1396,143.2664756
Coomalie,2022,2,1396,143.2664756
Coonamble,2018,1,3825,26.14379085
Coonamble,2022,1,3825,26.14379085
Coorong,2015,4,5576,71.73601148
Coorong,2017,3,5576,53.80200861
Coorong,2018,2,5576,35.86800574
Coorong,2019,5,5576,89.67001435
Coorong,2020,2,5576,35.86800574
Coorong,2021,1,5576,17.93400287
Cootamundra-Gundagai,2015,5,11404,43.84426517
Cootamundra-Gundagai,2016,2,11404,17.53770607
Cootamundra-Gundagai,2017,4,11404,35.07541214
Cootamundra-Gundagai,2018,1,11404,8.768853034
Cootamundra-Gundagai,2019,3,11404,26.3065591
Cootamundra-Gundagai,2020,2,11404,17.53770607
Copper Coast,2015,1,15648,6.390593047
Copper Coast,2016,1,15648,6.390593047
Copper Coast,2019,1,15648,6.390593047
Copper Coast,2020,1,15648,6.390593047
Copper Coast,2022,1,15648,6.390593047
Corangamite,2015,4,15993,25.01094229
Corangamite,2016,3,15993,18.75820672
Corangamite,2017,3,15993,18.75820672
Corangamite,2018,2,15993,12.50547114
Corangamite,2019,4,15993,25.01094229
Corangamite,2020,3,15993,18.75820672
Corangamite,2021,3,15993,18.75820672
Corangamite,2022,7,15993,43.769149
Corrigin,2016,1,1022,97.84735812
Corrigin,2018,2,1022,195.6947162
Corrigin,2019,1,1022,97.84735812
Corrigin,2020,1,1022,97.84735812
Cowra,2015,1,12705,7.870916962
Cowra,2016,4,12705,31.48366785
Cowra,2017,1,12705,7.870916962
Cowra,2019,1,12705,7.870916962
Cowra,2021,5,12705,39.35458481
Cranbrook,2019,1,1141,87.64241893
Croydon,2021,1,268,373.1343284
Cuballing,2016,1,929,107.6426265
Cuballing,2020,1,929,107.6426265
Cuballing,2021,1,929,107.6426265
Cue,2016,2,230,869.5652174
Cue,2020,1,230,434.7826087
Cumberland,2015,5,237420,2.105972538
Cumberland,2016,10,237420,4.211945076
Cumberland,2017,1,237420,0.4211945076
Cumberland,2018,6,237420,2.527167046
Cumberland,2019,2,237420,0.8423890152
Cumberland,2020,5,237420,2.105972538
Cumberland,2021,6,237420,2.527167046
Cumberland,2022,7,237420,2.948361553
Cunderdin,2018,1,1344,74.4047619
Cunderdin,2019,1,1344,74.4047619
Dalwallinu,2016,2,1428,140.0560224
Dalwallinu,2020,1,1428,70.0280112
Dandaragan,2017,2,3573,55.97537084
Dandaragan,2018,4,3573,111.9507417
Dandaragan,2019,2,3573,55.97537084
Dandaragan,2020,1,3573,27.98768542
Dandaragan,2021,3,3573,83.96305626
Dardanup,2015,1,15370,6.506180872
Dardanup,2016,4,15370,26.02472349
Dardanup,2017,2,15370,13.01236174
Dardanup,2018,2,15370,13.01236174
Dardanup,2019,3,15370,19.51854262
Dardanup,2020,3,15370,19.51854262
Dardanup,2021,1,15370,6.506180872
Darebin,2015,2,150483,1.32905378
Darebin,2016,2,150483,1.32905378
Darebin,2017,4,150483,2.65810756
Darebin,2018,1,150483,0.6645268901
Darebin,2019,3,150483,1.99358067
Darebin,2020,5,150483,3.32263445
Darebin,2021,2,150483,1.32905378
Darebin,2022,2,150483,1.32905378
Darwin,2015,9,84846,10.6074535
Darwin,2016,5,84846,5.893029724
Darwin,2017,1,84846,1.178605945
Darwin,2018,3,84846,3.535817835
Darwin,2019,4,84846,4.71442378
Darwin,2020,1,84846,1.178605945
Darwin,2021,6,84846,7.071635669
Darwin,2022,3,84846,3.535817835
Denmark,2016,2,6537,30.59507419
Denmark,2017,1,6537,15.2975371
Denmark,2018,1,6537,15.2975371
Denmark,2019,1,6537,15.2975371
Denmark,2021,1,6537,15.2975371
Derby-West Kimberley,2015,5,8405,59.48839976
Derby-West Kimberley,2016,2,8405,23.7953599
Derby-West Kimberley,2017,3,8405,35.69303986
Derby-West Kimberley,2019,4,8405,47.59071981
Derby-West Kimberley,2020,5,8405,59.48839976
Derby-West Kimberley,2021,1,8405,11.89767995
Derwent Valley,2017,2,11236,17.7999288
Derwent Valley,2018,1,11236,8.8999644
Derwent Valley,2019,1,11236,8.8999644
Derwent Valley,2021,2,11236,17.7999288
Devonport,2016,1,26937,3.712365891
Devonport,2019,2,26937,7.424731782
Devonport,2020,1,26937,3.712365891
Devonport,2021,1,26937,3.712365891
Devonport,2022,1,26937,3.712365891
Donnybrook-Balingup,2016,1,6398,15.62988434
Donnybrook-Balingup,2017,3,6398,46.88965302
Donnybrook-Balingup,2018,2,6398,31.25976868
Donnybrook-Balingup,2019,3,6398,46.88965302
Donnybrook-Balingup,2020,2,6398,31.25976868
Donnybrook-Balingup,2021,4,6398,62.51953736
Doomadgee,2021,1,1442,69.3481276
Dorset,2018,1,7022,14.24095699
Dorset,2019,1,7022,14.24095699
Dorset,2022,1,7022,14.24095699
Douglas,2018,1,12660,7.898894155
Douglas,2019,1,12660,7.898894155
Douglas,2020,1,12660,7.898894155
Douglas,2021,1,12660,7.898894155
Douglas,2022,6,12660,47.39336493
Dowerin,2021,1,733,136.425648
Dubbo,2015,7,55894,12.52370559
Dubbo,2016,7,55894,12.52370559
Dubbo,2017,6,55894,10.73460479
Dubbo,2018,7,55894,12.52370559
Dubbo,2019,7,55894,12.52370559
Dubbo,2020,4,55894,7.156403192
Dubbo,2021,7,55894,12.52370559
Dubbo,2022,1,55894,1.789100798
Dumbleyung,2015,1,693,144.3001443
Dumbleyung,2018,1,693,144.3001443
Dumbleyung,2021,1,693,144.3001443
Dundas,2016,3,695,431.6546763
Dundas,2017,1,695,143.8848921
Dundas,2018,2,695,287.7697842
Dundas,2019,1,695,143.8848921
Dundas,2020,2,695,287.7697842
Dundas,2021,1,695,143.8848921
Dungog,2016,2,9722,20.57189879
Dungog,2017,2,9722,20.57189879
Dungog,2021,1,9722,10.28594939
East Arnhem,2015,2,10111,19.78043715
East Arnhem,2017,3,10111,29.67065572
East Arnhem,2018,2,10111,19.78043715
East Arnhem,2021,2,10111,19.78043715
East Arnhem,2022,1,10111,9.890218574
East Gippsland,2015,9,48922,18.39663137
East Gippsland,2016,5,48922,10.22035076
East Gippsland,2017,9,48922,18.39663137
East Gippsland,2018,5,48922,10.22035076
East Gippsland,2019,2,48922,4.088140305
East Gippsland,2020,9,48922,18.39663137
East Gippsland,2021,4,48922,8.17628061
East Gippsland,2022,2,48922,4.088140305
East Pilbara,2015,1,10304,9.704968944
East Pilbara,2016,4,10304,38.81987578
East Pilbara,2017,1,10304,9.704968944
East Pilbara,2018,1,10304,9.704968944
East Pilbara,2019,2,10304,19.40993789
East Pilbara,2020,1,10304,9.704968944
Edward River,2016,1,8457,11.82452406
Edward River,2017,4,8457,47.29809625
Edward River,2022,1,8457,11.82452406
Elliston,2020,1,1032,96.89922481
Elliston,2021,1,1032,96.89922481
Esperance,2015,1,14496,6.898454746
Esperance,2017,1,14496,6.898454746
Esperance,2018,2,14496,13.79690949
Esperance,2019,1,14496,6.898454746
Esperance,2020,2,14496,13.79690949
Esperance,2021,2,14496,13.79690949
Etheridge,2018,2,720,277.7777778
Etheridge,2019,1,720,138.8888889
Eurobodalla,2015,3,40755,7.361059993
Eurobodalla,2016,3,40755,7.361059993
Eurobodalla,2017,4,40755,9.814746657
Eurobodalla,2019,5,40755,12.26843332
Eurobodalla,2020,8,40755,19.62949331
Eurobodalla,2021,3,40755,7.361059993
Eurobodalla,2022,7,40755,17.17580665
Exmouth,2015,2,3312,60.38647343
Fairfield,2015,8,206807,3.868341014
Fairfield,2016,7,206807,3.384798387
Fairfield,2017,10,206807,4.835426267
Fairfield,2018,4,206807,1.934170507
Fairfield,2019,7,206807,3.384798387
Fairfield,2020,5,206807,2.417713134
Fairfield,2021,4,206807,1.934170507
Fairfield,2022,4,206807,1.934170507
Federation,2015,1,12854,7.779679477
Federation,2016,2,12854,15.55935895
Federation,2018,4,12854,31.11871791
Federation,2020,5,12854,38.89839739
Federation,2021,2,12854,15.55935895
Federation,2022,5,12854,38.89839739
Flinders (Qld),2021,1,1535,65.1465798
Flinders Ranges,2018,1,1683,59.41770648
Forbes,2015,1,9339,10.70778456
Forbes,2016,2,9339,21.41556912
Forbes,2017,2,9339,21.41556912
Forbes,2018,1,9339,10.70778456
Forbes,2019,1,9339,10.70778456
Forbes,2021,2,9339,21.41556912
Forbes,2022,1,9339,10.70778456
Franklin Harbour,2015,3,1327,226.0738508
Franklin Harbour,2019,1,1327,75.35795026
Frankston,2015,2,141078,1.417655481
Frankston,2016,3,141078,2.126483222
Frankston,2017,4,141078,2.835310963
Frankston,2018,3,141078,2.126483222
Frankston,2019,6,141078,4.252966444
Frankston,2020,5,141078,3.544138703
Frankston,2021,2,141078,1.417655481
Fraser Coast,2018,3,115079,2.606904822
Fraser Coast,2020,10,115079,8.68968274
Fraser Coast,2021,6,115079,5.213809644
Fraser Coast,2022,11,115079,9.558651014
Fremantle,2015,1,33749,2.963050757
Fremantle,2016,1,33749,2.963050757
Fremantle,2018,2,33749,5.926101514
Fremantle,2019,1,33749,2.963050757
Fremantle,2020,1,33749,2.963050757
Gannawarra,2017,3,10531,28.48732314
Gannawarra,2018,3,10531,28.48732314
Gannawarra,2019,1,10531,9.49577438
Gannawarra,2020,1,10531,9.49577438
Gannawarra,2022,2,10531,18.99154876
Gawler,2016,1,26121,3.828337353
Gawler,2017,1,26121,3.828337353
Gawler,2019,1,26121,3.828337353
Gawler,2020,1,26121,3.828337353
Gawler,2021,1,26121,3.828337353
Gawler,2022,1,26121,3.828337353
George Town,2021,1,7267,13.76083666
Georges River,2015,1,153232,0.6526052
Georges River,2016,2,153232,1.3052104
Georges River,2017,1,153232,0.6526052
Georges River,2018,3,153232,1.9578156
Georges River,2019,8,153232,5.2208416
Georges River,2020,1,153232,0.6526052
Georges River,2021,3,153232,1.9578156
Georges River,2022,2,153232,1.3052104
Gilgandra,2015,2,4299,46.52244708
Gilgandra,2016,1,4299,23.26122354
Gilgandra,2017,1,4299,23.26122354
Gilgandra,2018,2,4299,46.52244708
Gilgandra,2019,1,4299,23.26122354
Gilgandra,2021,1,4299,23.26122354
Gilgandra,2022,1,4299,23.26122354
Gingin,2015,1,5890,16.97792869
Gingin,2016,2,5890,33.95585739
Gingin,2017,7,5890,118.8455008
Gingin,2018,4,5890,67.91171477
Gingin,2019,1,5890,16.97792869
Gingin,2020,2,5890,33.95585739
Gingin,2021,2,5890,33.95585739
Gladstone,2018,2,65302,3.062693333
Gladstone,2019,7,65302,10.71942666
Gladstone,2020,3,65302,4.594039999
Gladstone,2021,6,65302,9.188079998
Gladstone,2022,8,65302,12.25077333
Glamorgan-Spring Bay,2015,1,5187,19.27896665
Glamorgan-Spring Bay,2019,1,5187,19.27896665
Glamorgan-Spring Bay,2022,1,5187,19.27896665
Glen Eira,2015,1,151694,0.6592218545
Glen Eira,2016,3,151694,1.977665564
Glen Eira,2017,1,151694,0.6592218545
Glen Eira,2019,3,151694,1.977665564
Glen Eira,2020,1,151694,0.6592218545
Glen Eira,2021,3,151694,1.977665564
Glen Eira,2022,1,151694,0.6592218545
Glen Innes Severn,2016,3,8945,33.53828955
Glen Innes Severn,2017,3,8945,33.53828955
Glen Innes Severn,2018,2,8945,22.3588597
Glen Innes Severn,2019,2,8945,22.3588597
Glen Innes Severn,2020,1,8945,11.17942985
Glen Innes Severn,2022,4,8945,44.7177194
Glenelg,2015,6,20041,29.93862582
Glenelg,2016,3,20041,14.96931291
Glenelg,2017,3,20041,14.96931291
Glenelg,2018,3,20041,14.96931291
Glenelg,2019,3,20041,14.96931291
Glenelg,2020,2,20041,9.979541939
Glenelg,2021,2,20041,9.979541939
Glenelg,2022,2,20041,9.979541939
Glenorchy,2015,2,51009,3.920876708
Glenorchy,2016,3,51009,5.881315062
Glenorchy,2018,2,51009,3.920876708
Glenorchy,2019,1,51009,1.960438354
Glenorchy,2020,4,51009,7.841753416
Glenorchy,2021,1,51009,1.960438354
Glenorchy,2022,3,51009,5.881315062
Gnowangerup,2015,1,1262,79.23930269
Gnowangerup,2016,2,1262,158.4786054
Gnowangerup,2020,1,1262,79.23930269
Gold Coast,2018,17,647078,2.627194867
Gold Coast,2019,11,647078,1.69994962
Gold Coast,2020,22,647078,3.399899239
Gold Coast,2021,17,647078,2.627194867
Gold Coast,2022,19,647078,2.936276616
Golden Plains,2015,5,25312,19.75347661
Golden Plains,2016,1,25312,3.950695322
Golden Plains,2017,6,25312,23.70417193
Golden Plains,2018,2,25312,7.901390645
Golden Plains,2019,5,25312,19.75347661
Golden Plains,2020,2,25312,7.901390645
Golden Plains,2021,1,25312,3.950695322
Golden Plains,2022,1,25312,3.950695322
Goomalling,2016,1,984,101.6260163
Goondiwindi,2018,2,10410,19.21229587
Goondiwindi,2019,3,10410,28.8184438
Goondiwindi,2020,1,10410,9.606147935
Gosnells,2015,7,132915,5.266523718
Gosnells,2016,3,132915,2.257081593
Gosnells,2018,1,132915,0.7523605312
Gosnells,2019,3,132915,2.257081593
Gosnells,2020,1,132915,0.7523605312
Gosnells,2021,4,132915,3.009442125
Goulburn Mulwaree,2015,2,32428,6.16750956
Goulburn Mulwaree,2016,5,32428,15.4187739
Goulburn Mulwaree,2017,7,32428,21.58628346
Goulburn Mulwaree,2018,2,32428,6.16750956
Goulburn Mulwaree,2019,2,32428,6.16750956
Goulburn Mulwaree,2020,1,32428,3.08375478
Goulburn Mulwaree,2021,4,32428,12.33501912
Goulburn Mulwaree,2022,5,32428,15.4187739
Goyder,2015,2,4144,48.26254826
Goyder,2016,2,4144,48.26254826
Goyder,2017,1,4144,24.13127413
Goyder,2018,1,4144,24.13127413
Goyder,2020,2,4144,48.26254826
Grant,2016,1,8927,11.20197155
Grant,2017,1,8927,11.20197155
Grant,2018,2,8927,22.40394309
Grant,2019,1,8927,11.20197155
Grant,2020,3,8927,33.60591464
Grant,2021,1,8927,11.20197155
Grant,2022,3,8927,33.60591464
Greater Bendigo,2015,5,122647,4.076740564
Greater Bendigo,2016,5,122647,4.076740564
Greater Bendigo,2017,6,122647,4.892088677
Greater Bendigo,2018,6,122647,4.892088677
Greater Bendigo,2019,8,122647,6.522784903
Greater Bendigo,2020,6,122647,4.892088677
Greater Bendigo,2021,5,122647,4.076740564
Greater Bendigo,2022,5,122647,4.076740564
Greater Dandenong,2015,7,159151,4.398338685
Greater Dandenong,2016,2,159151,1.256668196
Greater Dandenong,2017,8,159151,5.026672782
Greater Dandenong,2018,2,159151,1.256668196
Greater Dandenong,2019,4,159151,2.513336391
Greater Dandenong,2020,1,159151,0.6283340978
Greater Dandenong,2021,5,159151,3.141670489
Greater Dandenong,2022,3,159151,1.885002293
Greater Geelong,2015,4,276446,1.446937196
Greater Geelong,2016,11,276446,3.979077288
Greater Geelong,2017,7,276446,2.532140092
Greater Geelong,2018,5,276446,1.808671495
Greater Geelong,2019,14,276446,5.064280185
Greater Geelong,2020,10,276446,3.617342989
Greater Geelong,2021,6,276446,2.170405794
Greater Geelong,2022,10,276446,3.617342989
Greater Geraldton,2015,7,41495,16.86950235
Greater Geraldton,2016,1,41495,2.409928907
Greater Geraldton,2017,4,41495,9.639715628
Greater Geraldton,2018,3,41495,7.229786721
Greater Geraldton,2019,3,41495,7.229786721
Greater Geraldton,2020,3,41495,7.229786721
Greater Geraldton,2021,2,41495,4.819857814
Greater Hume,2016,2,11267,17.75095411
Greater Hume,2017,3,11267,26.62643117
Greater Hume,2018,4,11267,35.50190823
Greater Hume,2019,5,11267,44.37738528
Greater Hume,2020,3,11267,26.62643117
Greater Hume,2021,1,11267,8.875477057
Greater Hume,2022,6,11267,53.25286234
Greater Shepparton,2015,9,68925,13.05767138
Greater Shepparton,2016,8,68925,11.60681901
Greater Shepparton,2017,8,68925,11.60681901
Greater Shepparton,2018,4,68925,5.803409503
Greater Shepparton,2019,7,68925,10.15596663
Greater Shepparton,2020,6,68925,8.705114255
Greater Shepparton,2021,3,68925,4.352557127
Greater Shepparton,2022,5,68925,7.254261879
Griffith,2015,1,27014,3.70178426
Griffith,2016,1,27014,3.70178426
Griffith,2017,3,27014,11.10535278
Griffith,2018,1,27014,3.70178426
Griffith,2020,3,27014,11.10535278
Griffith,2021,1,27014,3.70178426
Griffith,2022,1,27014,3.70178426
Gunnedah,2015,1,13144,7.608034084
Gunnedah,2016,2,13144,15.21606817
Gunnedah,2017,1,13144,7.608034084
Gunnedah,2018,2,13144,15.21606817
Gunnedah,2020,1,13144,7.608034084
Gunnedah,2022,1,13144,7.608034084
Gwydir,2015,1,4924,20.30869212
Gwydir,2018,2,4924,40.61738424
Gwydir,2022,1,4924,20.30869212
Gympie,2018,14,55112,25.40281608
Gympie,2019,5,55112,9.072434316
Gympie,2020,10,55112,18.14486863
Gympie,2021,11,55112,19.95935549
Gympie,2022,8,55112,14.5158949
Halls Creek,2016,4,4110,97.32360097
Halls Creek,2017,2,4110,48.66180049
Halls Creek,2019,2,4110,48.66180049
Halls Creek,2020,1,4110,24.33090024
Harvey,2015,3,30147,9.951238929
Harvey,2016,3,30147,9.951238929
Harvey,2017,3,30147,9.951238929
Harvey,2018,9,30147,29.85371679
Harvey,2019,4,30147,13.26831857
Harvey,2020,3,30147,9.951238929
Harvey,2021,4,30147,13.26831857
Hawkesbury,2015,11,67862,16.20936607
Hawkesbury,2016,2,67862,2.947157467
Hawkesbury,2017,4,67862,5.894314933
Hawkesbury,2018,6,67862,8.8414724
Hawkesbury,2019,7,67862,10.31505113
Hawkesbury,2020,1,67862,1.473578733
Hawkesbury,2021,1,67862,1.473578733
Hawkesbury,2022,3,67862,4.4207362
Hay,2016,1,2834,35.2858151
Hay,2019,1,2834,35.2858151
Hay,2020,2,2834,70.5716302
Hepburn,2016,6,16567,36.21657512
Hepburn,2017,2,16567,12.07219171
Hepburn,2018,4,16567,24.14438341
Hepburn,2019,4,16567,24.14438341
Hepburn,2020,3,16567,18.10828756
Hepburn,2021,1,16567,6.036095853
Hepburn,2022,2,16567,12.07219171
Hilltops,2015,6,19239,31.18665211
Hilltops,2016,4,19239,20.79110141
Hilltops,2018,3,19239,15.59332606
Hilltops,2019,3,19239,15.59332606
Hilltops,2020,3,19239,15.59332606
Hilltops,2022,4,19239,20.79110141
Hinchinbrook,2019,2,11089,18.03589142
Hinchinbrook,2020,1,11089,9.017945712
Hindmarsh,2015,3,5599,53.58099661
Hindmarsh,2021,1,5599,17.8603322
Hobart,2015,3,55981,5.358961076
Hobart,2016,3,55981,5.358961076
Hobart,2017,3,55981,5.358961076
Hobart,2018,2,55981,3.572640717
Hobart,2019,2,55981,3.572640717
Hobart,2020,2,55981,3.572640717
Hobart,2022,1,55981,1.786320359
Hobsons Bay,2015,4,91803,4.357156084
Hobsons Bay,2016,2,91803,2.178578042
Hobsons Bay,2017,1,91803,1.089289021
Hobsons Bay,2018,2,91803,2.178578042
Hobsons Bay,2020,1,91803,1.089289021
Hobsons Bay,2021,3,91803,3.267867063
Hobsons Bay,2022,4,91803,4.357156084
Holdfast Bay,2015,1,38052,2.62798276
Holdfast Bay,2017,2,38052,5.255965521
Holdfast Bay,2020,2,38052,5.255965521
Holdfast Bay,2022,2,38052,5.255965521
Hope Vale,2019,2,1004,199.2031873
Hope Vale,2021,1,1004,99.60159363
Hornsby,2015,6,151747,3.953949666
Hornsby,2016,1,151747,0.658991611
Hornsby,2017,4,151747,2.635966444
Hornsby,2018,7,151747,4.612941277
Hornsby,2019,3,151747,1.976974833
Hornsby,2020,3,151747,1.976974833
Horsham,2015,4,20337,19.66858435
Horsham,2016,3,20337,14.75143827
Horsham,2017,1,20337,4.917146088
Horsham,2018,2,20337,9.834292177
Horsham,2019,4,20337,19.66858435
Horsham,2020,3,20337,14.75143827
Horsham,2021,6,20337,29.50287653
Horsham,2022,1,20337,4.917146088
Hume,2015,6,252987,2.371663366
Hume,2016,4,252987,1.581108911
Hume,2017,1,252987,0.3952772277
Hume,2018,8,252987,3.162217821
Hume,2019,9,252987,3.557495049
Hume,2020,2,252987,0.7905544554
Hume,2021,6,252987,2.371663366
Hume,2022,6,252987,2.371663366
Hunters Hill,2017,1,13924,7.181844298
Hunters Hill,2018,1,13924,7.181844298
Hunters Hill,2019,1,13924,7.181844298
Huon Valley,2015,1,19214,5.204538357
Huon Valley,2018,1,19214,5.204538357
Huon Valley,2019,2,19214,10.40907671
Huon Valley,2020,3,19214,15.61361507
Huon Valley,2021,2,19214,10.40907671
Huon Valley,2022,1,19214,5.204538357
Indigo,2015,1,17418,5.741187278
Indigo,2016,7,17418,40.18831094
Indigo,2017,1,17418,5.741187278
Indigo,2018,1,17418,5.741187278
Indigo,2019,2,17418,11.48237456
Indigo,2020,3,17418,17.22356183
Indigo,2021,3,17418,17.22356183
Inner West,2015,2,183105,1.092269463
Inner West,2016,2,183105,1.092269463
Inner West,2017,4,183105,2.184538926
Inner West,2018,3,183105,1.638404194
Inner West,2019,3,183105,1.638404194
Inner West,2020,2,183105,1.092269463
Inner West,2021,2,183105,1.092269463
Inner West,2022,6,183105,3.276808389
Inverell,2016,2,17966,11.13213848
Inverell,2017,4,17966,22.26427697
Inverell,2018,3,17966,16.69820773
Inverell,2020,3,17966,16.69820773
Inverell,2021,3,17966,16.69820773
Inverell,2022,2,17966,11.13213848
Ipswich,2018,5,242653,2.060555608
Ipswich,2019,6,242653,2.47266673
Ipswich,2020,5,242653,2.060555608
Ipswich,2021,7,242653,2.884777851
Ipswich,2022,11,242653,4.533222338
Irwin,2015,1,3794,26.35740643
Irwin,2016,1,3794,26.35740643
Irwin,2017,3,3794,79.07221929
Irwin,2018,5,3794,131.7870322
Irwin,2019,1,3794,26.35740643
Irwin,2020,1,3794,26.35740643
Isaac,2018,2,22746,8.79275477
Isaac,2019,3,22746,13.18913216
Isaac,2020,8,22746,35.17101908
Isaac,2021,8,22746,35.17101908
Isaac,2022,4,22746,17.58550954
Jerramungup,2016,2,1196,167.2240803
Jerramungup,2019,1,1196,83.61204013
Jerramungup,2020,1,1196,83.61204013
Joondalup,2015,3,165509,1.812590252
Joondalup,2016,5,165509,3.020983753
Joondalup,2017,4,165509,2.416787003
Joondalup,2018,3,165509,1.812590252
Joondalup,2019,1,165509,0.6041967506
Joondalup,2020,5,165509,3.020983753
Joondalup,2021,1,165509,0.6041967506
Junee,2015,1,6465,15.4679041
Junee,2017,3,6465,46.4037123
Junee,2018,2,6465,30.9358082
Junee,2019,1,6465,15.4679041
Junee,2020,3,6465,46.4037123
Junee,2022,1,6465,15.4679041
Kalamunda,2015,3,61256,4.897479431
Kalamunda,2016,1,61256,1.632493144
Kalamunda,2017,3,61256,4.897479431
Kalamunda,2018,5,61256,8.162465718
Kalamunda,2019,2,61256,3.264986287
Kalamunda,2020,1,61256,1.632493144
Kalamunda,2021,1,61256,1.632493144
Kalgoorlie-Boulder,2015,1,30726,3.254572675
Kalgoorlie-Boulder,2016,1,30726,3.254572675
Kalgoorlie-Boulder,2017,3,30726,9.763718024
Kalgoorlie-Boulder,2019,4,30726,13.0182907
Kalgoorlie-Boulder,2020,1,30726,3.254572675
Kalgoorlie-Boulder,2021,6,30726,19.52743605
Kangaroo Island,2015,1,5088,19.65408805
Kangaroo Island,2016,1,5088,19.65408805
Kangaroo Island,2017,1,5088,19.65408805
Kangaroo Island,2018,2,5088,39.3081761
Kangaroo Island,2020,1,5088,19.65408805
Kangaroo Island,2021,2,5088,39.3081761
Kangaroo Island,2022,3,5088,58.96226415
Karoonda East Murray,2019,1,1027,97.37098345
Karratha,2016,1,23787,4.203976962
Karratha,2018,2,23787,8.407953924
Karratha,2019,1,23787,4.203976962
Karratha,2021,1,23787,4.203976962
Katanning,2020,1,4233,23.62390739
Katherine,2015,3,10836,27.6854928
Katherine,2017,1,10836,9.228497601
Katherine,2018,1,10836,9.228497601
Katherine,2020,4,10836,36.9139904
Katherine,2022,2,10836,18.4569952
Kellerberrin,2018,2,1180,169.4915254
Kempsey,2015,4,31180,12.82873637
Kempsey,2016,3,31180,9.621552277
Kempsey,2017,2,31180,6.414368185
Kempsey,2018,1,31180,3.207184092
Kempsey,2019,6,31180,19.24310455
Kempsey,2020,1,31180,3.207184092
Kempsey,2021,4,31180,12.82873637
Kent,2017,1,510,196.0784314
Kent,2021,1,510,196.0784314
Kentish,2016,2,6805,29.3901543
Kentish,2018,1,6805,14.69507715
Kentish,2019,1,6805,14.69507715
Kiama,2015,1,22964,4.354642048
Kiama,2016,1,22964,4.354642048
Kiama,2017,2,22964,8.709284097
Kiama,2019,1,22964,4.354642048
Kimba,2020,1,1059,94.42870633
King Island,2015,1,1675,59.70149254
King Island,2016,1,1675,59.70149254
King Island,2021,1,1675,59.70149254
King Island,2022,1,1675,59.70149254
Kingborough,2015,1,40933,2.443016637
Kingborough,2016,3,40933,7.329049911
Kingborough,2017,1,40933,2.443016637
Kingborough,2019,1,40933,2.443016637
Kingborough,2020,2,40933,4.886033274
Kingborough,2022,2,40933,4.886033274
Kingston (SA),2015,3,2377,126.2095078
Kingston (SA),2019,2,2377,84.13967186
Kingston (SA),2021,1,2377,42.06983593
Kingston (Vic.),2015,3,160005,1.874941408
Kingston (Vic.),2016,5,160005,3.124902347
Kingston (Vic.),2017,5,160005,3.124902347
Kingston (Vic.),2018,3,160005,1.874941408
Kingston (Vic.),2019,6,160005,3.749882816
Kingston (Vic.),2020,3,160005,1.874941408
Kingston (Vic.),2021,2,160005,1.249960939
Kingston (Vic.),2022,1,160005,0.6249804694
Knox,2015,5,159465,3.135484276
Knox,2016,6,159465,3.762581131
Knox,2017,1,159465,0.6270968551
Knox,2018,7,159465,4.389677986
Knox,2019,1,159465,0.6270968551
Knox,2020,2,159465,1.25419371
Knox,2021,1,159465,0.6270968551
Knox,2022,2,159465,1.25419371
Kojonup,2015,2,1974,101.3171226
Kojonup,2020,1,1974,50.6585613
Kojonup,2021,1,1974,50.6585613
Kondinin,2016,3,866,346.4203233
Kondinin,2018,1,866,115.4734411
Kondinin,2020,1,866,115.4734411
Kondinin,2021,1,866,115.4734411
Ku-ring-gai,2015,2,124172,1.610669072
Ku-ring-gai,2016,1,124172,0.805334536
Ku-ring-gai,2017,2,124172,1.610669072
Ku-ring-gai,2018,3,124172,2.416003608
Ku-ring-gai,2020,2,124172,1.610669072
Ku-ring-gai,2021,2,124172,1.610669072
Ku-ring-gai,2022,1,124172,0.805334536
Kulin,2019,1,783,127.7139208
Kulin,2021,1,783,127.7139208
Kwinana,2015,3,49500,6.060606061
Kwinana,2016,2,49500,4.04040404
Kwinana,2017,1,49500,2.02020202
Kwinana,2018,2,49500,4.04040404
Kwinana,2020,1,49500,2.02020202
Kwinana,2021,4,49500,8.080808081
Kyogle,2015,2,9453,21.15730456
Kyogle,2016,3,9453,31.73595684
Kyogle,2017,3,9453,31.73595684
Kyogle,2019,2,9453,21.15730456
Kyogle,2020,1,9453,10.57865228
Kyogle,2021,3,9453,31.73595684
Kyogle,2022,1,9453,10.57865228
Lachlan,2015,1,6139,16.28929793
Lachlan,2017,2,6139,32.57859586
Lachlan,2018,1,6139,16.28929793
Lachlan,2019,1,6139,16.28929793
Lachlan,2020,1,6139,16.28929793
Lachlan,2021,2,6139,32.57859586
Lake Grace,2016,2,1288,155.2795031
Lake Grace,2018,2,1288,155.2795031
Lake Grace,2019,1,1288,77.63975155
Lake Grace,2021,1,1288,77.63975155
Lake Macquarie,2015,12,216603,5.540089472
Lake Macquarie,2016,9,216603,4.155067104
Lake Macquarie,2017,15,216603,6.925111841
Lake Macquarie,2018,6,216603,2.770044736
Lake Macquarie,2019,8,216603,3.693392982
Lake Macquarie,2020,6,216603,2.770044736
Lake Macquarie,2021,6,216603,2.770044736
Lake Macquarie,2022,5,216603,2.308370614
Lane Cove,2016,3,40076,7.485777024
Lane Cove,2018,1,40076,2.495259008
Lane Cove,2019,1,40076,2.495259008
Lane Cove,2022,1,40076,2.495259008
Latrobe (Tas.),2016,3,12922,23.2162204
Latrobe (Tas.),2017,1,12922,7.738740133
Latrobe (Tas.),2018,2,12922,15.47748027
Latrobe (Tas.),2019,3,12922,23.2162204
Latrobe (Tas.),2020,1,12922,7.738740133
Latrobe (Tas.),2022,4,12922,30.95496053
Latrobe (Vic.),2015,2,77668,2.575063089
Latrobe (Vic.),2016,5,77668,6.437657723
Latrobe (Vic.),2017,5,77668,6.437657723
Latrobe (Vic.),2018,4,77668,5.150126178
Latrobe (Vic.),2019,4,77668,5.150126178
Latrobe (Vic.),2020,6,77668,7.725189267
Latrobe (Vic.),2021,4,77668,5.150126178
Latrobe (Vic.),2022,6,77668,7.725189267
Launceston,2015,3,71878,4.173738835
Launceston,2016,4,71878,5.564985114
Launceston,2017,6,71878,8.34747767
Launceston,2018,7,71878,9.738723949
Launceston,2019,3,71878,4.173738835
Launceston,2020,2,71878,2.782492557
Launceston,2021,4,71878,5.564985114
Launceston,2022,6,71878,8.34747767
Leeton,2017,4,11454,34.92229789
Leeton,2018,1,11454,8.730574472
Light,2016,2,16321,12.25415109
Light,2017,2,16321,12.25415109
Light,2018,4,16321,24.50830219
Light,2019,3,16321,18.38122664
Light,2020,3,16321,18.38122664
Light,2021,4,16321,24.50830219
Light,2022,3,16321,18.38122664
Lismore,2015,2,44276,4.517119884
Lismore,2016,4,44276,9.034239769
Lismore,2017,1,44276,2.258559942
Lismore,2018,3,44276,6.775679827
Lismore,2019,6,44276,13.55135965
Lismore,2020,2,44276,4.517119884
Lismore,2021,3,44276,6.775679827
Lismore,2022,3,44276,6.775679827
Litchfield,2015,7,23087,30.32009356
Litchfield,2016,6,23087,25.98865162
Litchfield,2017,12,23087,51.97730324
Litchfield,2018,6,23087,25.98865162
Litchfield,2019,6,23087,25.98865162
Litchfield,2020,6,23087,25.98865162
Litchfield,2021,7,23087,30.32009356
Litchfield,2022,10,23087,43.31441937
Lithgow,2015,2,20813,9.609378754
Lithgow,2016,1,20813,4.804689377
Lithgow,2018,2,20813,9.609378754
Lithgow,2019,1,20813,4.804689377
Lithgow,2020,2,20813,9.609378754
Lithgow,2021,2,20813,9.609378754
Lithgow,2022,5,20813,24.02344688
Liverpool,2015,6,239755,2.502554691
Liverpool,2016,3,239755,1.251277346
Liverpool,2017,5,239755,2.085462243
Liverpool,2018,5,239755,2.085462243
Liverpool,2019,3,239755,1.251277346
Liverpool,2020,10,239755,4.170924485
Liverpool,2021,5,239755,2.085462243
Liverpool,2022,3,239755,1.251277346
Liverpool Plains,2015,5,7660,65.27415144
Liverpool Plains,2017,1,7660,13.05483029
Liverpool Plains,2018,1,7660,13.05483029
Liverpool Plains,2021,1,7660,13.05483029
Liverpool Plains,2022,1,7660,13.05483029
Livingstone,2019,4,40905,9.778755653
Livingstone,2020,4,40905,9.778755653
Livingstone,2021,2,40905,4.889377827
Livingstone,2022,6,40905,14.66813348
Lockhart,2016,1,3370,29.6735905
Lockhart,2021,2,3370,59.34718101
Lockhart River,2020,1,656,152.4390244
Lockyer Valley,2018,5,42625,11.73020528
Lockyer Valley,2019,4,42625,9.384164223
Lockyer Valley,2020,3,42625,7.038123167
Lockyer Valley,2021,2,42625,4.692082111
Lockyer Valley,2022,3,42625,7.038123167
Loddon,2015,2,7748,25.81311306
Loddon,2016,2,7748,25.81311306
Loddon,2017,1,7748,12.90655653
Loddon,2018,1,7748,12.90655653
Loddon,2019,4,7748,51.62622612
Loddon,2020,1,7748,12.90655653
Loddon,2021,3,7748,38.71966959
Loddon,2022,2,7748,25.81311306
Logan,2018,15,363057,4.131582644
Logan,2019,4,363057,1.101755372
Logan,2020,16,363057,4.407021487
Logan,2021,16,363057,4.407021487
Logan,2022,18,363057,4.957899173
Longreach,2019,1,3721,26.8744961
Longreach,2020,1,3721,26.8744961
Longreach,2022,2,3721,53.74899221
Lower Eyre Peninsula,2015,1,6099,16.39613051
Lower Eyre Peninsula,2019,1,6099,16.39613051
Lower Eyre Peninsula,2020,1,6099,16.39613051
Lower Eyre Peninsula,2022,1,6099,16.39613051
Loxton Waikerie,2015,4,11927,33.53735223
Loxton Waikerie,2016,2,11927,16.76867611
Loxton Waikerie,2017,2,11927,16.76867611
Loxton Waikerie,2018,4,11927,33.53735223
Loxton Waikerie,2019,2,11927,16.76867611
Loxton Waikerie,2020,2,11927,16.76867611
Loxton Waikerie,2021,2,11927,16.76867611
MacDonnell,2015,1,6629,15.08523156
MacDonnell,2016,4,6629,60.34092623
MacDonnell,2017,3,6629,45.25569467
MacDonnell,2018,3,6629,45.25569467
MacDonnell,2019,2,6629,30.17046312
MacDonnell,2020,2,6629,30.17046312
MacDonnell,2021,11,6629,165.9375471
MacDonnell,2022,4,6629,60.34092623
Macedon Ranges,2015,7,52179,13.41535867
Macedon Ranges,2016,2,52179,3.83295962
Macedon Ranges,2017,4,52179,7.66591924
Macedon Ranges,2018,1,52179,1.91647981
Macedon Ranges,2019,7,52179,13.41535867
Macedon Ranges,2020,1,52179,1.91647981
Macedon Ranges,2021,4,52179,7.66591924
Macedon Ranges,2022,3,52179,5.74943943
Mackay,2018,4,124963,3.20094748
Mackay,2019,7,124963,5.601658091
Mackay,2020,7,124963,5.601658091
Mackay,2021,4,124963,3.20094748
Mackay,2022,13,124963,10.40307931
Maitland,2015,3,93616,3.204580414
Maitland,2016,2,93616,2.136386942
Maitland,2017,2,93616,2.136386942
Maitland,2018,1,93616,1.068193471
Maitland,2019,3,93616,3.204580414
Maitland,2020,2,93616,2.136386942
Maitland,2021,1,93616,1.068193471
Maitland,2022,4,93616,4.272773885
Mandurah,2015,2,95568,2.092750712
Mandurah,2016,4,95568,4.185501423
Mandurah,2017,2,95568,2.092750712
Mandurah,2018,1,95568,1.046375356
Mandurah,2019,3,95568,3.139126067
Mandurah,2020,3,95568,3.139126067
Mandurah,2021,2,95568,2.092750712
Manjimup,2015,2,9410,21.25398512
Manjimup,2016,2,9410,21.25398512
Manjimup,2018,2,9410,21.25398512
Manjimup,2019,1,9410,10.62699256
Manjimup,2020,3,9410,31.88097768
Manjimup,2021,1,9410,10.62699256
Manningham,2016,3,126491,2.37171024
Manningham,2017,2,126491,1.58114016
Manningham,2018,3,126491,2.37171024
Manningham,2019,2,126491,1.58114016
Manningham,2022,3,126491,2.37171024
Mansfield,2015,1,10335,9.675858732
Mansfield,2016,4,10335,38.70343493
Mansfield,2017,2,10335,19.35171746
Mansfield,2018,1,10335,9.675858732
Mansfield,2019,1,10335,9.675858732
Mansfield,2020,1,10335,9.675858732
Mansfield,2022,2,10335,19.35171746
Maranoa,2018,3,13100,22.90076336
Maranoa,2019,2,13100,15.26717557
Maranoa,2021,4,13100,30.53435115
Maranoa,2022,3,13100,22.90076336
Mareeba,2018,3,23367,12.83861856
Mareeba,2019,4,23367,17.11815809
Mareeba,2020,7,23367,29.95677665
Mareeba,2021,5,23367,21.39769761
Mareeba,2022,6,23367,25.67723713
Maribyrnong,2015,4,87526,4.570070608
Maribyrnong,2016,1,87526,1.142517652
Maribyrnong,2017,6,87526,6.855105911
Maribyrnong,2018,3,87526,3.427552956
Maribyrnong,2019,2,87526,2.285035304
Maribyrnong,2020,2,87526,2.285035304
Maribyrnong,2022,2,87526,2.285035304
Marion,2015,1,96659,1.03456481
Marion,2016,3,96659,3.103694431
Marion,2017,2,96659,2.069129621
Marion,2018,1,96659,1.03456481
Marion,2019,3,96659,3.103694431
Marion,2020,3,96659,3.103694431
Marion,2021,2,96659,2.069129621
Maroondah,2015,2,115689,1.728772831
Maroondah,2016,2,115689,1.728772831
Maroondah,2017,1,115689,0.8643864153
Maroondah,2018,3,115689,2.593159246
Maroondah,2019,4,115689,3.457545661
Maroondah,2020,1,115689,0.8643864153
Maroondah,2021,2,115689,1.728772831
Maroondah,2022,1,115689,0.8643864153
McKinlay,2019,2,846,236.4066194
McKinlay,2021,1,846,118.2033097
Meander Valley,2015,2,21356,9.365049635
Meander Valley,2016,3,21356,14.04757445
Meander Valley,2017,3,21356,14.04757445
Meander Valley,2018,3,21356,14.04757445
Meander Valley,2020,4,21356,18.73009927
Meander Valley,2021,2,21356,9.365049635
Meander Valley,2022,2,21356,9.365049635
Meekatharra,2016,1,1293,77.33952049
Meekatharra,2018,1,1293,77.33952049
Meekatharra,2020,2,1293,154.679041
Meekatharra,2021,2,1293,154.679041
Melbourne,2015,4,159993,2.50010938
Melbourne,2016,3,159993,1.875082035
Melbourne,2017,4,159993,2.50010938
Melbourne,2018,3,159993,1.875082035
Melbourne,2019,2,159993,1.25005469
Melbourne,2020,3,159993,1.875082035
Melbourne,2021,6,159993,3.75016407
Melbourne,2022,2,159993,1.25005469
Melton,2015,6,193155,3.106313582
Melton,2016,3,193155,1.553156791
Melton,2017,4,193155,2.070875722
Melton,2018,6,193155,3.106313582
Melton,2019,4,193155,2.070875722
Melton,2020,1,193155,0.5177189304
Melton,2021,8,193155,4.141751443
Melton,2022,4,193155,2.070875722
Melville,2015,2,107329,1.863429269
Melville,2017,2,107329,1.863429269
Melville,2018,1,107329,0.9317146344
Melville,2020,1,107329,0.9317146344
Melville,2021,1,107329,0.9317146344
Menzies,2019,1,571,175.1313485
Menzies,2020,1,571,175.1313485
Merredin,2017,2,3232,61.88118812
Mid Murray,2015,4,9416,42.4808836
Mid Murray,2016,2,9416,21.2404418
Mid Murray,2019,6,9416,63.7213254
Mid Murray,2020,1,9416,10.6202209
Mid Murray,2021,3,9416,31.8606627
Mid Murray,2022,1,9416,10.6202209
Mid-Coast,2015,7,97237,7.198905766
Mid-Coast,2016,12,97237,12.34098131
Mid-Coast,2017,15,97237,15.42622664
Mid-Coast,2018,7,97237,7.198905766
Mid-Coast,2019,10,97237,10.28415109
Mid-Coast,2020,3,97237,3.085245328
Mid-Coast,2021,7,97237,7.198905766
Mid-Coast,2022,8,97237,8.227320876
Mid-Western,2015,3,25795,11.63016088
Mid-Western,2016,7,25795,27.13704206
Mid-Western,2017,1,25795,3.876720295
Mid-Western,2018,4,25795,15.50688118
Mid-Western,2019,5,25795,19.38360147
Mid-Western,2020,3,25795,11.63016088
Mid-Western,2021,3,25795,11.63016088
Mid-Western,2022,4,25795,15.50688118
Mildura,2015,4,57216,6.991051454
Mildura,2016,3,57216,5.243288591
Mildura,2017,1,57216,1.747762864
Mildura,2018,2,57216,3.495525727
Mildura,2019,7,57216,12.23434004
Mildura,2020,3,57216,5.243288591
Mildura,2021,2,57216,3.495525727
Mildura,2022,5,57216,8.738814318
Mingenew,2017,1,423,236.4066194
Mitcham,2015,2,68363,2.925559147
Mitcham,2016,2,68363,2.925559147
Mitcham,2017,2,68363,2.925559147
Mitcham,2019,1,68363,1.462779574
Mitcham,2021,4,68363,5.851118295
Mitchell,2015,8,51654,15.48766794
Mitchell,2016,4,51654,7.743833972
Mitchell,2017,5,51654,9.679792465
Mitchell,2018,1,51654,1.935958493
Mitchell,2019,2,51654,3.871916986
Mitchell,2020,4,51654,7.743833972
Mitchell,2021,7,51654,13.55170945
Mitchell,2022,5,51654,9.679792465
Moira,2015,6,30571,19.62644336
Moira,2016,4,30571,13.08429557
Moira,2017,8,30571,26.16859115
Moira,2018,3,30571,9.813221681
Moira,2019,4,30571,13.08429557
Moira,2020,4,30571,13.08429557
Moira,2021,3,30571,9.813221681
Moira,2022,5,30571,16.35536947
Monash,2015,3,194877,1.539432565
Monash,2016,6,194877,3.07886513
Monash,2017,6,194877,3.07886513
Monash,2018,4,194877,2.052576754
Monash,2019,10,194877,5.131441884
Monash,2020,5,194877,2.565720942
Monash,2021,5,194877,2.565720942
Monash,2022,4,194877,2.052576754
Moonee Valley,2015,2,123038,1.625514069
Moonee Valley,2016,5,123038,4.063785172
Moonee Valley,2017,1,123038,0.8127570344
Moonee Valley,2018,4,123038,3.251028138
Moonee Valley,2020,1,123038,0.8127570344
Moonee Valley,2021,2,123038,1.625514069
Moonee Valley,2022,1,123038,0.8127570344
Moora,2017,1,2376,42.08754209
Moora,2018,1,2376,42.08754209
Moora,2021,1,2376,42.08754209
Moorabool,2015,2,38506,5.193995741
Moorabool,2016,6,38506,15.58198722
Moorabool,2017,6,38506,15.58198722
Moorabool,2018,1,38506,2.59699787
Moorabool,2019,7,38506,18.17898509
Moorabool,2020,3,38506,7.790993611
Moorabool,2021,2,38506,5.193995741
Moorabool,2022,2,38506,5.193995741
Morawa,2017,1,668,149.7005988
Moree Plains,2015,1,12869,7.770611547
Moree Plains,2016,2,12869,15.54122309
Moree Plains,2017,5,12869,38.85305774
Moree Plains,2018,2,12869,15.54122309
Moree Plains,2019,1,12869,7.770611547
Moreland,2015,3,174735,1.71688557
Moreland,2016,6,174735,3.433771139
Moreland,2018,3,174735,1.71688557
Moreland,2019,3,174735,1.71688557
Moreland,2022,5,174735,2.861475949
Moreton Bay,2018,11,496777,2.214273205
Moreton Bay,2019,12,496777,2.415570769
Moreton Bay,2020,20,496777,4.025951282
Moreton Bay,2021,22,496777,4.42854641
Moreton Bay,2022,17,496777,3.42205859
Mornington,2018,1,1065,93.89671362
Mornington,2020,1,1065,93.89671362
Mornington Peninsula,2015,8,169663,4.715229602
Mornington Peninsula,2016,10,169663,5.894037003
Mornington Peninsula,2017,4,169663,2.357614801
Mornington Peninsula,2018,2,169663,1.178807401
Mornington Peninsula,2019,12,169663,7.072844403
Mornington Peninsula,2020,9,169663,5.304633302
Mornington Peninsula,2021,9,169663,5.304633302
Mornington Peninsula,2022,4,169663,2.357614801
Mosman,2022,1,28123,3.555808413
Mosman Park,2017,1,9605,10.41124414
Mount Alexander,2015,2,20317,9.843973028
Mount Alexander,2017,2,20317,9.843973028
Mount Alexander,2018,3,20317,14.76595954
Mount Alexander,2019,2,20317,9.843973028
Mount Alexander,2020,7,20317,34.4539056
Mount Alexander,2021,2,20317,9.843973028
Mount Alexander,2022,1,20317,4.921986514
Mount Barker,2015,2,41089,4.867482781
Mount Barker,2016,1,41089,2.433741391
Mount Barker,2017,1,41089,2.433741391
Mount Barker,2019,2,41089,4.867482781
Mount Barker,2020,4,41089,9.734965563
Mount Barker,2021,3,41089,7.301224172
Mount Barker,2022,3,41089,7.301224172
Mount Gambier,2019,2,27749,7.207466936
Mount Isa,2018,1,19047,5.250170631
Mount Isa,2019,2,19047,10.50034126
Mount Isa,2020,3,19047,15.75051189
Mount Isa,2022,1,19047,5.250170631
Mount Magnet,2016,2,701,285.3067047
Mount Magnet,2021,1,701,142.6533524
Mount Marshall,2019,1,463,215.9827214
Mount Marshall,2021,1,463,215.9827214
Mount Remarkable,2017,1,2912,34.34065934
Mount Remarkable,2018,2,2912,68.68131868
Mount Remarkable,2020,1,2912,34.34065934
Mount Remarkable,2021,2,2912,68.68131868
Mount Remarkable,2022,1,2912,34.34065934
Moyne,2015,2,17470,11.44819691
Moyne,2016,1,17470,5.724098454
Moyne,2017,2,17470,11.44819691
Moyne,2018,1,17470,5.724098454
Moyne,2019,1,17470,5.724098454
Moyne,2020,2,17470,11.44819691
Moyne,2021,3,17470,17.17229536
Mundaring,2015,1,40498,2.469257741
Mundaring,2016,4,40498,9.877030964
Mundaring,2017,1,40498,2.469257741
Mundaring,2018,4,40498,9.877030964
Mundaring,2019,4,40498,9.877030964
Mundaring,2020,3,40498,7.407773223
Mundaring,2021,1,40498,2.469257741
Murray,2015,2,19110,10.46572475
Murray,2016,2,19110,10.46572475
Murray,2017,2,19110,10.46572475
Murray,2018,3,19110,15.69858713
Murray,2019,4,19110,20.9314495
Murray,2020,4,19110,20.9314495
Murray,2021,4,19110,20.9314495
Murray Bridge,2015,2,22538,8.873901855
Murray Bridge,2016,4,22538,17.74780371
Murray Bridge,2017,2,22538,8.873901855
Murray Bridge,2018,1,22538,4.436950927
Murray Bridge,2019,3,22538,13.31085278
Murray Bridge,2020,3,22538,13.31085278
Murray Bridge,2021,3,22538,13.31085278
Murray Bridge,2022,1,22538,4.436950927
Murray River,2016,2,13016,15.36570375
Murray River,2018,3,13016,23.04855562
Murray River,2021,2,13016,15.36570375
Murray River,2022,1,13016,7.682851875
Murrindindi,2015,8,15348,52.12405525
Murrindindi,2016,5,15348,32.57753453
Murrindindi,2017,5,15348,32.57753453
Murrindindi,2018,4,15348,26.06202763
Murrindindi,2019,4,15348,26.06202763
Murrindindi,2020,2,15348,13.03101381
Murrindindi,2021,2,15348,13.03101381
Murrindindi,2022,8,15348,52.12405525
Murrumbidgee,2017,3,3566,84.12787437
Murrumbidgee,2018,1,3566,28.04262479
Murrumbidgee,2019,2,3566,56.08524958
Muswellbrook,2015,2,16540,12.09189843
Muswellbrook,2016,1,16540,6.045949214
Muswellbrook,2017,5,16540,30.22974607
Muswellbrook,2018,6,16540,36.27569528
Muswellbrook,2019,1,16540,6.045949214
Muswellbrook,2020,2,16540,12.09189843
Muswellbrook,2021,4,16540,24.18379686
Muswellbrook,2022,3,16540,18.13784764
Nambucca Valley,2015,9,20610,43.66812227
Nambucca Valley,2016,1,20610,4.852013586
Nambucca Valley,2017,2,20610,9.704027171
Nambucca Valley,2018,2,20610,9.704027171
Nambucca Valley,2019,5,20610,24.26006793
Nambucca Valley,2022,1,20610,4.852013586
Nannup,2016,1,1592,62.81407035
Nannup,2017,1,1592,62.81407035
Nannup,2018,1,1592,62.81407035
Nannup,2020,1,1592,62.81407035
Naracoorte Lucindale,2016,2,8917,22.42906807
Naracoorte Lucindale,2017,1,8917,11.21453404
Naracoorte Lucindale,2018,5,8917,56.07267018
Naracoorte Lucindale,2019,3,8917,33.64360211
Naracoorte Lucindale,2021,1,8917,11.21453404
Naracoorte Lucindale,2022,2,8917,22.42906807
Narrabri,2015,2,12721,15.72203443
Narrabri,2016,2,12721,15.72203443
Narrabri,2017,3,12721,23.58305165
Narrabri,2018,4,12721,31.44406886
Narrabri,2019,3,12721,23.58305165
Narrabri,2020,2,12721,15.72203443
Narrabri,2021,3,12721,23.58305165
Narrabri,2022,4,12721,31.44406886
Narrandera,2015,1,5721,17.47946163
Narrandera,2017,3,5721,52.4383849
Narrandera,2018,1,5721,17.47946163
Narrandera,2019,1,5721,17.47946163
Narrandera,2020,2,5721,34.95892327
Narrandera,2021,1,5721,17.47946163
Narrogin,2016,1,4956,20.17756255
Narrogin,2017,1,4956,20.17756255
Narromine,2015,3,6430,46.6562986
Narromine,2016,7,6430,108.8646967
Narromine,2017,4,6430,62.20839813
Narromine,2018,1,6430,15.55209953
Narromine,2020,2,6430,31.10419907
Narromine,2021,1,6430,15.55209953
Narromine,2022,1,6430,15.55209953
Nedlands,2017,2,22973,8.705872111
Nedlands,2019,1,22973,4.352936055
Newcastle,2015,5,171528,2.914975981
Newcastle,2016,10,171528,5.829951961
Newcastle,2017,4,171528,2.331980784
Newcastle,2018,3,171528,1.748985588
Newcastle,2019,7,171528,4.080966373
Newcastle,2020,3,171528,1.748985588
Newcastle,2021,1,171528,0.5829951961
Newcastle,2022,2,171528,1.165990392
Ngaanyatjarraku,2020,1,1477,67.70480704
Nillumbik,2015,2,63041,3.172538507
Nillumbik,2016,5,63041,7.931346267
Nillumbik,2018,3,63041,4.75880776
Nillumbik,2019,1,63041,1.586269253
Nillumbik,2020,3,63041,4.75880776
Nillumbik,2021,2,63041,3.172538507
Nillumbik,2022,1,63041,1.586269253
Noosa,2018,3,57329,5.232953653
Noosa,2019,5,57329,8.721589422
Noosa,2020,2,57329,3.488635769
Noosa,2021,2,57329,3.488635769
Noosa,2022,4,57329,6.977271538
North Burnett,2018,6,10216,58.73140172
North Burnett,2019,2,10216,19.57713391
North Burnett,2020,3,10216,29.36570086
North Burnett,2021,4,10216,39.15426782
North Burnett,2022,1,10216,9.788566954
North Sydney,2015,3,69341,4.326444672
North Sydney,2017,1,69341,1.442148224
North Sydney,2019,2,69341,2.884296448
North Sydney,2020,2,69341,2.884296448
North Sydney,2021,1,69341,1.442148224
North Sydney,2022,1,69341,1.442148224
Northam,2015,6,11934,50.27652086
Northam,2016,2,11934,16.75884029
Northam,2017,1,11934,8.379420144
Northam,2018,5,11934,41.89710072
Northam,2019,3,11934,25.13826043
Northam,2020,1,11934,8.379420144
Northam,2021,1,11934,8.379420144
Northampton,2015,3,3341,89.79347501
Northampton,2016,1,3341,29.93115834
Northampton,2018,1,3341,29.93115834
Northampton,2020,2,3341,59.86231667
Northern Areas,2021,1,4663,21.4454214
Northern Beaches,2015,2,263298,0.7595955913
Northern Beaches,2016,7,263298,2.65858457
Northern Beaches,2017,3,263298,1.139393387
Northern Beaches,2018,1,263298,0.3797977957
Northern Beaches,2019,4,263298,1.519191183
Northern Beaches,2020,4,263298,1.519191183
Northern Beaches,2021,4,263298,1.519191183
Northern Beaches,2022,3,263298,1.139393387
Northern Grampians,2015,1,11875,8.421052632
Northern Grampians,2016,2,11875,16.84210526
Northern Grampians,2017,2,11875,16.84210526
Northern Grampians,2018,3,11875,25.26315789
Northern Grampians,2019,1,11875,8.421052632
Northern Grampians,2020,4,11875,33.68421053
Northern Grampians,2021,2,11875,16.84210526
Northern Grampians,2022,3,11875,25.26315789
Northern Midlands,2015,1,14138,7.073136229
Northern Midlands,2016,2,14138,14.14627246
Northern Midlands,2017,3,14138,21.21940869
Northern Midlands,2019,1,14138,7.073136229
Northern Midlands,2020,3,14138,21.21940869
Northern Midlands,2021,3,14138,21.21940869
Northern Midlands,2022,4,14138,28.29254491
Northern Peninsula Area,2019,1,2890,34.60207612
Northern Peninsula Area,2020,1,2890,34.60207612
Northern Peninsula Area,2022,1,2890,34.60207612
Norwood Payneham and St Peters,2015,2,38005,5.262465465
Norwood Payneham and St Peters,2017,1,38005,2.631232733
Norwood Payneham and St Peters,2019,1,38005,2.631232733
Norwood Payneham and St Peters,2020,1,38005,2.631232733
Norwood Payneham and St Peters,2021,1,38005,2.631232733
Nungarin,2021,2,261,766.2835249
Oberon,2015,1,5597,17.86671431
Oberon,2016,2,5597,35.73342862
Oberon,2018,1,5597,17.86671431
Oberon,2019,2,5597,35.73342862
Onkaparinga,2015,4,178550,2.240268832
Onkaparinga,2016,7,178550,3.920470456
Onkaparinga,2017,5,178550,2.80033604
Onkaparinga,2018,3,178550,1.680201624
Onkaparinga,2019,5,178550,2.80033604
Onkaparinga,2020,2,178550,1.120134416
Onkaparinga,2021,5,178550,2.80033604
Onkaparinga,2022,3,178550,1.680201624
Orange,2015,2,43963,4.549280076
Orange,2016,3,43963,6.823920115
Orange,2017,2,43963,4.549280076
Orange,2018,1,43963,2.274640038
Orange,2019,1,43963,2.274640038
Orange,2021,1,43963,2.274640038
Orange,2022,1,43963,2.274640038
Orroroo Carrieton,2015,1,890,112.3595506
Orroroo Carrieton,2022,1,890,112.3595506
Palmerston,2015,2,40471,4.941810185
Palmerston,2016,1,40471,2.470905093
Palmerston,2017,2,40471,4.941810185
Palmerston,2018,1,40471,2.470905093
Palmerston,2019,1,40471,2.470905093
Palmerston,2020,2,40471,4.941810185
Palmerston,2021,1,40471,2.470905093
Palmerston,2022,2,40471,4.941810185
Parkes,2015,1,14347,6.970098278
Parkes,2016,2,14347,13.94019656
Parkes,2017,3,14347,20.91029484
Parkes,2018,1,14347,6.970098278
Parkes,2019,2,14347,13.94019656
Parkes,2020,3,14347,20.91029484
Parkes,2022,1,14347,6.970098278
Parramatta,2015,7,260379,2.688388849
Parramatta,2016,7,260379,2.688388849
Parramatta,2017,7,260379,2.688388849
Parramatta,2018,4,260379,1.536222199
Parramatta,2019,9,260379,3.456499948
Parramatta,2020,8,260379,3.072444398
Parramatta,2021,3,260379,1.152166649
Parramatta,2022,2,260379,0.7681110996
Penrith,2015,8,220908,3.62141706
Penrith,2016,7,220908,3.168739928
Penrith,2017,7,220908,3.168739928
Penrith,2018,7,220908,3.168739928
Penrith,2019,1,220908,0.4526771326
Penrith,2020,6,220908,2.716062795
Penrith,2021,5,220908,2.263385663
Penrith,2022,8,220908,3.62141706
Perenjori,2017,1,652,153.3742331
Perenjori,2021,1,652,153.3742331
Perth,2015,1,30466,3.282347535
Perth,2017,2,30466,6.56469507
Perth,2018,1,30466,3.282347535
Perth,2019,3,30466,9.847042605
Perth,2020,1,30466,3.282347535
Perth,2021,1,30466,3.282347535
Pingelly,2015,1,1067,93.72071228
Pingelly,2017,1,1067,93.72071228
Pingelly,2020,1,1067,93.72071228
Plantagenet,2016,6,5586,107.4113856
Plantagenet,2017,1,5586,17.9018976
Plantagenet,2018,1,5586,17.9018976
Plantagenet,2019,3,5586,53.7056928
Plantagenet,2020,4,5586,71.6075904
Plantagenet,2021,3,5586,53.7056928
Playford,2015,6,103414,5.80192237
Playford,2016,6,103414,5.80192237
Playford,2017,5,103414,4.834935309
Playford,2018,3,103414,2.900961185
Playford,2019,7,103414,6.768909432
Playford,2020,3,103414,2.900961185
Playford,2021,1,103414,0.9669870617
Playford,2022,4,103414,3.867948247
Pormpuraaw,2018,1,637,156.9858713
Port Adelaide Enfield,2015,1,135806,0.7363444914
Port Adelaide Enfield,2016,2,135806,1.472688983
Port Adelaide Enfield,2017,4,135806,2.945377966
Port Adelaide Enfield,2018,1,135806,0.7363444914
Port Adelaide Enfield,2019,5,135806,3.681722457
Port Adelaide Enfield,2020,1,135806,0.7363444914
Port Adelaide Enfield,2021,4,135806,2.945377966
Port Adelaide Enfield,2022,1,135806,0.7363444914
Port Augusta,2016,2,14451,13.83987267
Port Augusta,2018,3,14451,20.75980901
Port Augusta,2019,3,14451,20.75980901
Port Augusta,2020,3,14451,20.75980901
Port Augusta,2021,3,14451,20.75980901
Port Augusta,2022,2,14451,13.83987267
Port Hedland,2015,5,17015,29.38583603
Port Hedland,2016,1,17015,5.877167205
Port Hedland,2017,2,17015,11.75433441
Port Hedland,2019,3,17015,17.63150162
Port Hedland,2020,2,17015,11.75433441
Port Hedland,2021,4,17015,23.50866882
Port Lincoln,2015,1,14956,6.686279754
Port Lincoln,2022,1,14956,6.686279754
Port Macquarie-Hastings,2015,4,88311,4.529447068
Port Macquarie-Hastings,2016,7,88311,7.926532369
Port Macquarie-Hastings,2017,8,88311,9.058894135
Port Macquarie-Hastings,2018,5,88311,5.661808835
Port Macquarie-Hastings,2019,2,88311,2.264723534
Port Macquarie-Hastings,2020,2,88311,2.264723534
Port Macquarie-Hastings,2021,9,88311,10.1912559
Port Macquarie-Hastings,2022,1,88311,1.132361767
Port Phillip,2015,3,103990,2.884892778
Port Phillip,2017,2,103990,1.923261852
Port Phillip,2019,1,103990,0.9616309261
Port Phillip,2020,2,103990,1.923261852
Port Phillip,2022,5,103990,4.80815463
Port Pirie,2016,6,17621,34.05028091
Port Pirie,2017,2,17621,11.35009364
Port Pirie,2018,1,17621,5.675046819
Port Pirie,2019,2,17621,11.35009364
Port Pirie,2020,2,17621,11.35009364
Port Pirie,2021,1,17621,5.675046819
Port Pirie,2022,2,17621,11.35009364
Port Stephens,2015,3,76672,3.912771285
Port Stephens,2016,10,76672,13.04257095
Port Stephens,2017,4,76672,5.217028381
Port Stephens,2018,8,76672,10.43405676
Port Stephens,2019,9,76672,11.73831386
Port Stephens,2020,5,76672,6.521285476
Port Stephens,2021,4,76672,5.217028381
Port Stephens,2022,2,76672,2.60851419
Prospect,2017,1,22744,4.396763982
Prospect,2019,2,22744,8.793527963
Prospect,2021,1,22744,4.396763982
Prospect,2022,1,22744,4.396763982
Pyrenees,2016,1,7651,13.0701869
Pyrenees,2017,6,7651,78.42112142
Pyrenees,2018,5,7651,65.35093452
Pyrenees,2019,2,7651,26.14037381
Pyrenees,2020,1,7651,13.0701869
Pyrenees,2021,2,7651,26.14037381
Pyrenees,2022,1,7651,13.0701869
Quairading,2016,3,982,305.4989817
Quairading,2018,1,982,101.8329939
Quairading,2020,1,982,101.8329939
Queanbeyan-Palerang,2015,3,64233,4.670496474
Queanbeyan-Palerang,2016,2,64233,3.113664316
Queanbeyan-Palerang,2017,1,64233,1.556832158
Queanbeyan-Palerang,2018,2,64233,3.113664316
Queanbeyan-Palerang,2019,5,64233,7.78416079
Queanbeyan-Palerang,2021,4,64233,6.227328632
Queanbeyan-Palerang,2022,4,64233,6.227328632
Quilpie,2019,1,703,142.2475107
Quilpie,2021,1,703,142.2475107
Randwick,2015,3,135686,2.210987132
Randwick,2017,4,135686,2.947982843
Randwick,2018,1,135686,0.7369957107
Randwick,2019,4,135686,2.947982843
Randwick,2020,3,135686,2.210987132
Ravensthorpe,2016,1,2200,45.45454545
Ravensthorpe,2017,1,2200,45.45454545
Ravensthorpe,2021,1,2200,45.45454545
Redland,2018,2,163732,1.221508318
Redland,2019,2,163732,1.221508318
Redland,2020,2,163732,1.221508318
Redland,2021,9,163732,5.496787433
Redland,2022,2,163732,1.221508318
Renmark Paringa,2020,3,10035,29.89536622
Renmark Paringa,2021,2,10035,19.93024415
Richmond Valley,2015,6,23702,25.31431947
Richmond Valley,2016,3,23702,12.65715973
Richmond Valley,2018,5,23702,21.09526622
Richmond Valley,2019,3,23702,12.65715973
Richmond Valley,2020,4,23702,16.87621298
Richmond Valley,2021,3,23702,12.65715973
Richmond Valley,2022,1,23702,4.219053244
Robe,2015,1,1588,62.97229219
Robe,2021,1,1588,62.97229219
Rockhampton,2018,6,83604,7.176690111
Rockhampton,2019,5,83604,5.980575092
Rockhampton,2020,3,83604,3.588345055
Rockhampton,2021,5,83604,5.980575092
Rockhampton,2022,4,83604,4.784460074
Rockingham,2015,4,143653,2.784487619
Rockingham,2016,3,143653,2.088365715
Rockingham,2017,5,143653,3.480609524
Rockingham,2018,5,143653,3.480609524
Rockingham,2019,2,143653,1.39224381
Rockingham,2020,8,143653,5.568975239
Rockingham,2021,2,143653,1.39224381
Roper Gulf,2015,4,7477,53.497392
Roper Gulf,2016,7,7477,93.620436
Roper Gulf,2017,1,7477,13.374348
Roper Gulf,2018,6,7477,80.246088
Roper Gulf,2019,3,7477,40.123044
Roper Gulf,2020,4,7477,53.497392
Roper Gulf,2022,6,7477,80.246088
Ryde,2015,1,131122,0.7626485258
Ryde,2016,4,131122,3.050594103
Ryde,2017,4,131122,3.050594103
Ryde,2018,1,131122,0.7626485258
Ryde,2019,2,131122,1.525297052
Ryde,2020,2,131122,1.525297052
Ryde,2021,1,131122,0.7626485258
Salisbury,2015,2,147932,1.351972528
Salisbury,2016,4,147932,2.703945056
Salisbury,2017,9,147932,6.083876376
Salisbury,2018,4,147932,2.703945056
Salisbury,2019,6,147932,4.055917584
Salisbury,2020,7,147932,4.731903848
Salisbury,2021,2,147932,1.351972528
Salisbury,2022,9,147932,6.083876376
Sandstone,2015,2,119,1680.672269
Scenic Rim,2018,7,44333,15.7895924
Scenic Rim,2019,4,44333,9.02262423
Scenic Rim,2020,9,44333,20.30090452
Scenic Rim,2021,8,44333,18.04524846
Scenic Rim,2022,6,44333,13.53393635
Serpentine-Jarrahdale,2015,6,34773,17.25476663
Serpentine-Jarrahdale,2016,5,34773,14.37897219
Serpentine-Jarrahdale,2017,1,34773,2.875794438
Serpentine-Jarrahdale,2018,2,34773,5.751588876
Serpentine-Jarrahdale,2019,4,34773,11.50317775
Serpentine-Jarrahdale,2020,4,34773,11.50317775
Serpentine-Jarrahdale,2021,7,34773,20.13056107
Shark Bay,2015,1,1081,92.50693802
Shellharbour,2016,2,78332,2.553234949
Shellharbour,2017,2,78332,2.553234949
Shellharbour,2018,2,78332,2.553234949
Shellharbour,2019,2,78332,2.553234949
Shellharbour,2020,1,78332,1.276617474
Shellharbour,2021,1,78332,1.276617474
Shellharbour,2022,1,78332,1.276617474
Shoalhaven,2015,11,109611,10.03548914
Shoalhaven,2016,6,109611,5.473903167
Shoalhaven,2017,14,109611,12.77244072
Shoalhaven,2018,8,109611,7.298537556
Shoalhaven,2019,8,109611,7.298537556
Shoalhaven,2020,8,109611,7.298537556
Shoalhaven,2021,5,109611,4.561585972
Shoalhaven,2022,2,109611,1.824634389
Singleton,2015,11,25093,43.83692663
Singleton,2016,4,25093,15.94070059
Singleton,2017,8,25093,31.88140119
Singleton,2018,3,25093,11.95552545
Singleton,2019,7,25093,27.89622604
Singleton,2020,2,25093,7.970350297
Singleton,2021,3,25093,11.95552545
Singleton,2022,1,25093,3.985175148
Snowy Monaro,2015,4,21823,18.32928562
Snowy Monaro,2016,6,21823,27.49392842
Snowy Monaro,2017,3,21823,13.74696421
Snowy Monaro,2018,5,21823,22.91160702
Snowy Monaro,2019,7,21823,32.07624983
Snowy Monaro,2020,3,21823,13.74696421
Snowy Monaro,2021,4,21823,18.32928562
Snowy Monaro,2022,1,21823,4.582321404
Snowy Valleys,2015,4,14936,26.78093198
Snowy Valleys,2016,1,14936,6.695232994
Snowy Valleys,2017,3,14936,20.08569898
Snowy Valleys,2018,5,14936,33.47616497
Snowy Valleys,2019,1,14936,6.695232994
Snowy Valleys,2020,3,14936,20.08569898
Snowy Valleys,2021,3,14936,20.08569898
Snowy Valleys,2022,1,14936,6.695232994
Somerset,2018,7,25713,27.2235834
Somerset,2019,9,25713,35.00175009
Somerset,2020,5,25713,19.44541672
Somerset,2021,5,25713,19.44541672
Somerset,2022,5,25713,19.44541672
Sorell,2016,2,17430,11.47446931
Sorell,2020,2,17430,11.47446931
Sorell,2021,1,17430,5.737234653
Sorell,2022,3,17430,17.21170396
South Burnett,2018,4,33789,11.83817219
South Burnett,2019,4,33789,11.83817219
South Burnett,2020,8,33789,23.67634437
South Burnett,2021,8,33789,23.67634437
South Burnett,2022,7,33789,20.71680133
South Gippsland,2015,4,30697,13.03058931
South Gippsland,2016,3,30697,9.772941981
South Gippsland,2017,3,30697,9.772941981
South Gippsland,2018,7,30697,22.80353129
South Gippsland,2019,5,30697,16.28823664
South Gippsland,2020,7,30697,22.80353129
South Gippsland,2021,2,30697,6.515294654
South Gippsland,2022,5,30697,16.28823664
South Perth,2017,1,45137,2.215477325
South Perth,2019,1,45137,2.215477325
Southern Downs,2018,1,36994,2.70314105
Southern Downs,2019,3,36994,8.10942315
Southern Downs,2020,4,36994,10.8125642
Southern Downs,2021,4,36994,10.8125642
Southern Downs,2022,8,36994,21.6251284
Southern Grampians,2015,1,16393,6.100164704
Southern Grampians,2016,3,16393,18.30049411
Southern Grampians,2017,3,16393,18.30049411
Southern Grampians,2018,1,16393,6.100164704
Southern Grampians,2019,2,16393,12.20032941
Southern Grampians,2020,1,16393,6.100164704
Southern Mallee,2019,1,2011,49.72650423
Southern Mallee,2021,1,2011,49.72650423
Southern Midlands,2016,3,6888,43.55400697
Southern Midlands,2019,3,6888,43.55400697
Southern Midlands,2020,1,6888,14.51800232
Southern Midlands,2021,2,6888,29.03600465
Southern Midlands,2022,4,6888,58.07200929
Stirling,2015,3,235983,1.271278016
Stirling,2016,6,235983,2.542556032
Stirling,2017,7,235983,2.96631537
Stirling,2018,6,235983,2.542556032
Stirling,2019,4,235983,1.695037354
Stirling,2021,3,235983,1.271278016
Stonnington,2015,4,106418,3.758762615
Stonnington,2017,1,106418,0.9396906538
Stonnington,2018,3,106418,2.819071962
Stonnington,2019,1,106418,0.9396906538
Stonnington,2021,2,106418,1.879381308
Strathbogie,2015,4,11510,34.75238923
Strathbogie,2016,1,11510,8.688097307
Strathbogie,2017,4,11510,34.75238923
Strathbogie,2018,1,11510,8.688097307
Strathbogie,2019,1,11510,8.688097307
Strathbogie,2020,1,11510,8.688097307
Strathbogie,2021,2,11510,17.37619461
Strathbogie,2022,4,11510,34.75238923
Strathfield,2015,1,46230,2.163097556
Strathfield,2016,2,46230,4.326195111
Strathfield,2017,1,46230,2.163097556
Strathfield,2018,3,46230,6.489292667
Strathfield,2019,1,46230,2.163097556
Streaky Bay,2017,1,2257,44.30660168
Streaky Bay,2019,3,2257,132.9198051
Streaky Bay,2020,1,2257,44.30660168
Subiaco,2016,1,17976,5.562972853
Sunshine Coast,2018,13,355889,3.652824336
Sunshine Coast,2019,7,355889,1.966905412
Sunshine Coast,2020,15,355889,4.21479731
Sunshine Coast,2021,15,355889,4.21479731
Sunshine Coast,2022,20,355889,5.619729747
Surf Coast,2015,4,38652,10.34875298
Surf Coast,2016,3,38652,7.761564731
Surf Coast,2017,2,38652,5.174376488
Surf Coast,2018,2,38652,5.174376488
Surf Coast,2021,2,38652,5.174376488
Surf Coast,2022,1,38652,2.587188244
Sutherland,2015,9,231839,3.882004322
Sutherland,2016,5,231839,2.156669068
Sutherland,2017,6,231839,2.588002881
Sutherland,2018,5,231839,2.156669068
Sutherland,2019,5,231839,2.156669068
Sutherland,2020,3,231839,1.294001441
Sutherland,2021,2,231839,0.8626676271
Sutherland,2022,4,231839,1.725335254
Swan,2015,7,163817,4.273060793
Swan,2016,7,163817,4.273060793
Swan,2017,4,163817,2.441749025
Swan,2018,1,163817,0.6104372562
Swan,2019,5,163817,3.052186281
Swan,2020,9,163817,5.493935306
Swan,2021,5,163817,3.052186281
Swan Hill,2015,1,21225,4.711425206
Swan Hill,2016,3,21225,14.13427562
Swan Hill,2017,2,21225,9.422850412
Swan Hill,2018,1,21225,4.711425206
Swan Hill,2019,3,21225,14.13427562
Swan Hill,2020,1,21225,4.711425206
Swan Hill,2021,2,21225,9.422850412
Swan Hill,2022,1,21225,4.711425206
Sydney,2015,6,218096,2.751082092
Sydney,2016,4,218096,1.834054728
Sydney,2017,6,218096,2.751082092
Sydney,2018,8,218096,3.668109456
Sydney,2019,4,218096,1.834054728
Sydney,2020,7,218096,3.209595774
Sydney,2021,3,218096,1.375541046
Sydney,2022,6,218096,2.751082092
Tablelands,2018,3,26808,11.19068935
Tablelands,2019,4,26808,14.92091913
Tablelands,2020,1,26808,3.730229782
Tablelands,2021,4,26808,14.92091913
Tablelands,2022,4,26808,14.92091913
Tamworth,2015,2,64522,3.099717926
Tamworth,2016,9,64522,13.94873067
Tamworth,2017,10,64522,15.49858963
Tamworth,2018,7,64522,10.84901274
Tamworth,2019,5,64522,7.749294814
Tamworth,2020,3,64522,4.649576889
Tamworth,2021,4,64522,6.199435851
Tamworth,2022,5,64522,7.749294814
Tasman,2018,2,2676,74.73841555
Tasman,2020,1,2676,37.36920777
Tatiara,2015,1,7038,14.20858198
Tatiara,2016,2,7038,28.41716397
Tatiara,2017,1,7038,14.20858198
Tatiara,2018,3,7038,42.62574595
Tatiara,2019,2,7038,28.41716397
Tatiara,2020,1,7038,14.20858198
Tatiara,2021,2,7038,28.41716397
Tatiara,2022,3,7038,42.62574595
Tea Tree Gully,2015,4,102619,3.897913642
Tea Tree Gully,2016,2,102619,1.948956821
Tea Tree Gully,2017,2,102619,1.948956821
Tea Tree Gully,2018,1,102619,0.9744784104
Tea Tree Gully,2019,3,102619,2.923435231
Tea Tree Gully,2020,1,102619,0.9744784104
Tea Tree Gully,2022,1,102619,0.9744784104
Temora,2016,1,5996,16.67778519
Temora,2018,1,5996,16.67778519
Temora,2019,2,5996,33.35557038
Temora,2020,2,5996,33.35557038
Temora,2021,1,5996,16.67778519
Tenterfield,2015,2,6879,29.07399331
Tenterfield,2016,3,6879,43.61098997
Tenterfield,2017,1,6879,14.53699666
Tenterfield,2020,2,6879,29.07399331
Tenterfield,2021,1,6879,14.53699666
Tenterfield,2022,1,6879,14.53699666
The Hills,2015,8,199244,4.01517737
The Hills,2016,3,199244,1.505691514
The Hills,2018,5,199244,2.509485857
The Hills,2019,1,199244,0.5018971713
The Hills,2020,2,199244,1.003794343
The Hills,2021,4,199244,2.007588685
The Hills,2022,3,199244,1.505691514
Toodyay,2015,1,4812,20.78137988
Toodyay,2016,2,4812,41.56275977
Toodyay,2017,2,4812,41.56275977
Toodyay,2018,3,4812,62.34413965
Toodyay,2020,2,4812,41.56275977
Toowoomba,2018,10,178399,5.605412586
Toowoomba,2019,12,178399,6.726495104
Toowoomba,2020,10,178399,5.605412586
Toowoomba,2021,13,178399,7.287036362
Toowoomba,2022,12,178399,6.726495104
Townsville,2018,11,198143,5.551546106
Townsville,2019,11,198143,5.551546106
Townsville,2020,13,198143,6.560918125
Townsville,2021,9,198143,4.542174086
Townsville,2022,8,198143,4.037488077
Towong,2015,1,6196,16.1394448
Towong,2016,1,6196,16.1394448
Towong,2017,2,6196,32.27888961
Towong,2019,4,6196,64.55777921
Towong,2021,2,6196,32.27888961
Towong,2022,2,6196,32.27888961
Trayning,2016,1,304,328.9473684
Tumby Bay,2015,1,2893,34.56619426
Tumby Bay,2017,1,2893,34.56619426
Tumby Bay,2019,1,2893,34.56619426
Tweed,2015,9,97969,9.186579428
Tweed,2016,7,97969,7.145117333
Tweed,2017,9,97969,9.186579428
Tweed,2018,3,97969,3.062193143
Tweed,2019,7,97969,7.145117333
Tweed,2020,3,97969,3.062193143
Tweed,2021,1,97969,1.020731048
Tweed,2022,7,97969,7.145117333
Unincorp. Other Territories,2015,2,2524,79.23930269
Unincorp. Other Territories,2016,2,2524,79.23930269
Unincorp. Other Territories,2017,1,2524,39.61965135
Unincorp. Other Territories,2018,1,2524,39.61965135
Unincorp. Other Territories,2019,1,2524,39.61965135
Unincorp. Other Territories,2020,1,2524,39.61965135
Unincorp. Other Territories,2021,2,2524,79.23930269
Unincorp. Other Territories,2022,1,2524,39.61965135
Unincorporated ACT,2015,15,456844,3.28339652
Unincorporated ACT,2016,10,456844,2.188931014
Unincorporated ACT,2017,4,456844,0.8755724055
Unincorporated ACT,2018,7,456844,1.53225171
Unincorporated ACT,2019,5,456844,1.094465507
Unincorporated ACT,2020,5,456844,1.094465507
Unincorporated ACT,2021,5,456844,1.094465507
Unincorporated ACT,2022,18,456844,3.940075825
Unincorporated NT,2015,8,7571,105.6663585
Unincorporated NT,2016,5,7571,66.04147405
Unincorporated NT,2017,3,7571,39.62488443
Unincorporated NT,2018,1,7571,13.20829481
Unincorporated NT,2019,2,7571,26.41658962
Unincorporated NT,2020,1,7571,13.20829481
Unincorporated NT,2022,6,7571,79.24976885
Unincorporated SA,2015,7,3024,231.4814815
Unincorporated SA,2016,5,3024,165.3439153
Unincorporated SA,2017,2,3024,66.13756614
Unincorporated SA,2018,5,3024,165.3439153
Unincorporated SA,2019,4,3024,132.2751323
Unincorporated SA,2020,3,3024,99.20634921
Unincorporated SA,2021,5,3024,165.3439153
Unincorporated SA,2022,3,3024,99.20634921
Unincorporated Vic,2017,1,961,104.0582726
Unincorporated Vic,2018,1,961,104.0582726
Unley,2015,2,39082,5.117445371
Unley,2020,2,39082,5.117445371
Unley,2021,1,39082,2.558722686
Upper Hunter,2016,2,14293,13.99286364
Upper Hunter,2017,4,14293,27.98572728
Upper Hunter,2018,4,14293,27.98572728
Upper Hunter,2021,2,14293,13.99286364
Upper Hunter,2022,3,14293,20.98929546
Upper Lachlan,2017,3,8551,35.08361595
Upper Lachlan,2018,3,8551,35.08361595
Upper Lachlan,2019,5,8551,58.47269325
Upper Lachlan,2020,2,8551,23.3890773
Upper Lachlan,2021,3,8551,35.08361595
Upper Lachlan,2022,3,8551,35.08361595
Uralla,2015,2,5985,33.41687552
Uralla,2016,2,5985,33.41687552
Uralla,2018,1,5985,16.70843776
Uralla,2021,2,5985,33.41687552
Uralla,2022,1,5985,16.70843776
Victor Harbor,2015,3,16726,17.93614732
Victor Harbor,2018,1,16726,5.978715772
Victor Harbor,2020,1,16726,5.978715772
Victor Harbor,2021,1,16726,5.978715772
Victoria Daly,2015,1,3263,30.64664419
Victoria Daly,2016,5,3263,153.233221
Victoria Daly,2018,2,3263,61.29328838
Victoria Daly,2019,5,3263,153.233221
Victoria Daly,2020,4,3263,122.5865768
Victoria Daly,2021,2,3263,61.29328838
Victoria Daly,2022,2,3263,61.29328838
Victoria Park,2016,1,38687,2.584847623
Victoria Park,2018,1,38687,2.584847623
Victoria Park,2019,1,38687,2.584847623
Victoria Park,2020,1,38687,2.584847623
Victoria Park,2021,1,38687,2.584847623
Victoria Plains,2015,1,824,121.3592233
Victoria Plains,2016,2,824,242.7184466
Victoria Plains,2017,1,824,121.3592233
Victoria Plains,2018,2,824,242.7184466
Victoria Plains,2019,2,824,242.7184466
Victoria Plains,2020,1,824,121.3592233
Vincent,2016,1,38442,2.601321471
Vincent,2018,1,38442,2.601321471
Vincent,2019,2,38442,5.202642943
Vincent,2020,1,38442,2.601321471
Vincent,2021,3,38442,7.803964414
Wagait,2018,1,463,215.9827214
Wagga Wagga,2015,3,68337,4.390008341
Wagga Wagga,2016,2,68337,2.926672227
Wagga Wagga,2017,1,68337,1.463336114
Wagga Wagga,2018,2,68337,2.926672227
Wagga Wagga,2019,3,68337,4.390008341
Wagga Wagga,2020,4,68337,5.853344455
Wagga Wagga,2021,11,68337,16.09669725
Wagga Wagga,2022,2,68337,2.926672227
Wagin,2015,1,1809,55.27915976
Wagin,2016,1,1809,55.27915976
Wagin,2020,2,1809,110.5583195
Wagin,2021,1,1809,55.27915976
Wakefield,2015,6,6971,86.07086501
Wakefield,2016,2,6971,28.69028834
Wakefield,2017,3,6971,43.03543251
Wakefield,2018,6,6971,86.07086501
Wakefield,2019,3,6971,43.03543251
Wakefield,2021,1,6971,14.34514417
Wakefield,2022,5,6971,71.72572084
Walcha,2015,2,3010,66.44518272
Walcha,2017,1,3010,33.22259136
Walcha,2018,1,3010,33.22259136
Walcha,2019,2,3010,66.44518272
Walcha,2020,5,3010,166.1129568
Walcha,2021,1,3010,33.22259136
Walcha,2022,2,3010,66.44518272
Walgett,2015,3,5516,54.38723713
Walgett,2019,1,5516,18.12907904
Walgett,2020,1,5516,18.12907904
Walgett,2022,1,5516,18.12907904
Wandering,2015,1,548,182.4817518
Wandering,2016,1,548,182.4817518
Wandering,2017,2,548,364.9635036
Wandering,2018,1,548,182.4817518
Wandering,2020,2,548,364.9635036
Wangaratta,2015,2,29903,6.688292145
Wangaratta,2016,5,29903,16.72073036
Wangaratta,2017,4,29903,13.37658429
Wangaratta,2018,4,29903,13.37658429
Wangaratta,2020,3,29903,10.03243822
Wangaratta,2021,3,29903,10.03243822
Wangaratta,2022,2,29903,6.688292145
Wanneroo,2015,2,221064,0.9047153765
Wanneroo,2016,14,221064,6.333007636
Wanneroo,2017,5,221064,2.261788441
Wanneroo,2018,3,221064,1.357073065
Wanneroo,2019,4,221064,1.809430753
Wanneroo,2020,9,221064,4.071219194
Wanneroo,2021,5,221064,2.261788441
Waratah-Wynyard,2015,1,14689,6.807815372
Waratah-Wynyard,2016,3,14689,20.42344612
Waratah-Wynyard,2018,1,14689,6.807815372
Waratah-Wynyard,2019,3,14689,20.42344612
Waratah-Wynyard,2020,1,14689,6.807815372
Waratah-Wynyard,2021,1,14689,6.807815372
Waratah-Wynyard,2022,4,14689,27.23126149
Waroona,2015,1,4399,22.73243919
Waroona,2016,3,4399,68.19731757
Waroona,2018,2,4399,45.46487838
Waroona,2019,4,4399,90.92975676
Warren,2018,1,2578,38.7897595
Warren,2021,1,2578,38.7897595
Warrnambool,2015,1,35559,2.812227565
Warrnambool,2016,1,35559,2.812227565
Warrnambool,2018,2,35559,5.624455131
Warrnambool,2019,1,35559,2.812227565
Warrnambool,2020,3,35559,8.436682696
Warrnambool,2021,4,35559,11.24891026
Warrnambool,2022,1,35559,2.812227565
Warrumbungle,2016,2,9246,21.63097556
Warrumbungle,2017,5,9246,54.07743889
Warrumbungle,2018,2,9246,21.63097556
Warrumbungle,2019,4,9246,43.26195111
Warrumbungle,2020,4,9246,43.26195111
Warrumbungle,2021,4,9246,43.26195111
Warrumbungle,2022,2,9246,21.63097556
Wattle Range,2015,1,12181,8.209506609
Wattle Range,2016,4,12181,32.83802643
Wattle Range,2017,2,12181,16.41901322
Wattle Range,2018,3,12181,24.62851983
Wattle Range,2019,2,12181,16.41901322
Wattle Range,2021,3,12181,24.62851983
Wattle Range,2022,1,12181,8.209506609
Waverley,2015,2,69324,2.885003751
Waverley,2017,1,69324,1.442501875
Waverley,2018,1,69324,1.442501875
Waverley,2019,2,69324,2.885003751
Waverley,2020,2,69324,2.885003751
Waverley,2022,1,69324,1.442501875
Weddin,2018,1,3614,27.67017156
Weddin,2019,1,3614,27.67017156
Weddin,2020,1,3614,27.67017156
Weddin,2021,3,3614,83.01051467
Weddin,2022,1,3614,27.67017156
Weipa,2018,1,4215,23.72479241
Wellington,2015,3,45799,6.550361362
Wellington,2016,5,45799,10.91726894
Wellington,2017,6,45799,13.10072272
Wellington,2018,3,45799,6.550361362
Wellington,2019,2,45799,4.366907574
Wellington,2020,3,45799,6.550361362
Wellington,2021,5,45799,10.91726894
Wellington,2022,7,45799,15.28417651
Wentworth,2015,2,7597,26.32618139
Wentworth,2017,4,7597,52.65236277
Wentworth,2018,1,7597,13.16309069
Wentworth,2019,1,7597,13.16309069
Wentworth,2020,2,7597,26.32618139
Wentworth,2021,1,7597,13.16309069
Wentworth,2022,2,7597,26.32618139
West Arnhem,2015,1,7260,13.77410468
West Arnhem,2016,1,7260,13.77410468
West Arnhem,2017,1,7260,13.77410468
West Arnhem,2018,8,7260,110.1928375
West Arnhem,2019,5,7260,68.87052342
West Arnhem,2020,1,7260,13.77410468
West Arnhem,2021,2,7260,27.54820937
West Arnhem,2022,2,7260,27.54820937
West Arthur,2015,2,797,250.9410289
West Arthur,2016,2,797,250.9410289
West Arthur,2019,1,797,125.4705144
West Coast,2015,2,4351,45.9664445
West Coast,2017,2,4351,45.9664445
West Coast,2018,1,4351,22.98322225
West Coast,2021,2,4351,45.9664445
West Daly,2015,1,3435,29.11208151
West Daly,2017,1,3435,29.11208151
West Tamar,2015,1,25932,3.856239395
West Tamar,2016,1,25932,3.856239395
West Tamar,2017,1,25932,3.856239395
West Tamar,2018,3,25932,11.56871819
West Tamar,2019,1,25932,3.856239395
West Tamar,2020,2,25932,7.712478791
West Tamar,2021,3,25932,11.56871819
West Tamar,2022,2,25932,7.712478791
West Torrens,2015,1,63099,1.58481117
West Torrens,2016,1,63099,1.58481117
West Torrens,2017,5,63099,7.924055849
West Torrens,2019,2,63099,3.169622339
West Torrens,2020,1,63099,1.58481117
West Torrens,2021,1,63099,1.58481117
West Wimmera,2016,1,3942,25.36783359
West Wimmera,2019,3,3942,76.10350076
West Wimmera,2020,3,3942,76.10350076
West Wimmera,2021,1,3942,25.36783359
Western Downs,2018,9,34542,26.0552371
Western Downs,2019,3,34542,8.685079034
Western Downs,2020,5,34542,14.47513172
Western Downs,2021,5,34542,14.47513172
Western Downs,2022,3,34542,8.685079034
Westonia,2017,2,252,793.6507937
Whitehorse,2015,3,172466,1.739473287
Whitehorse,2016,6,172466,3.478946575
Whitehorse,2017,3,172466,1.739473287
Whitehorse,2018,1,172466,0.5798244292
Whitehorse,2019,2,172466,1.159648858
Whitehorse,2020,2,172466,1.159648858
Whitehorse,2021,1,172466,0.5798244292
Whitehorse,2022,1,172466,0.5798244292
Whitsunday,2018,9,38506,23.37298083
Whitsunday,2019,1,38506,2.59699787
Whitsunday,2020,6,38506,15.58198722
Whitsunday,2021,3,38506,7.790993611
Whitsunday,2022,5,38506,12.98498935
Whittlesea,2015,4,236966,1.688005874
Whittlesea,2016,6,236966,2.532008811
Whittlesea,2017,3,236966,1.266004406
Whittlesea,2018,3,236966,1.266004406
Whittlesea,2019,3,236966,1.266004406
Whittlesea,2020,5,236966,2.110007343
Whittlesea,2021,4,236966,1.688005874
Whittlesea,2022,7,236966,2.95401028
Whyalla,2016,1,21890,4.568296026
Whyalla,2017,1,21890,4.568296026
Whyalla,2018,2,21890,9.136592051
Whyalla,2020,2,21890,9.136592051
Whyalla,2022,1,21890,4.568296026
Wickepin,2021,2,706,283.286119
Williams,2015,1,1053,94.96676163
Williams,2016,2,1053,189.9335233
Williams,2018,1,1053,94.96676163
Williams,2020,1,1053,94.96676163
Williams,2021,3,1053,284.9002849
Willoughby,2015,1,75473,1.324977144
Willoughby,2016,1,75473,1.324977144
Willoughby,2017,4,75473,5.299908577
Willoughby,2018,2,75473,2.649954288
Willoughby,2019,1,75473,1.324977144
Willoughby,2021,2,75473,2.649954288
Willoughby,2022,1,75473,1.324977144
Wingecarribee,2015,3,52795,5.682356284
Wingecarribee,2016,11,52795,20.83530637
Wingecarribee,2017,7,52795,13.25883133
Wingecarribee,2019,3,52795,5.682356284
Wingecarribee,2020,1,52795,1.894118761
Wingecarribee,2021,1,52795,1.894118761
Wingecarribee,2022,12,52795,22.72942513
Wodonga,2015,1,43694,2.28864375
Wodonga,2016,4,43694,9.154574999
Wodonga,2017,1,43694,2.28864375
Wodonga,2019,1,43694,2.28864375
Wodonga,2020,1,43694,2.28864375
Wodonga,2022,3,43694,6.865931249
Wollondilly,2015,8,55801,14.33666063
Wollondilly,2016,3,55801,5.376247737
Wollondilly,2017,5,55801,8.960412896
Wollondilly,2018,7,55801,12.54457805
Wollondilly,2019,2,55801,3.584165158
Wollondilly,2020,3,55801,5.376247737
Wollondilly,2021,6,55801,10.75249547
Wollondilly,2022,4,55801,7.168330317
Wollongong,2015,5,216431,2.3102051
Wollongong,2016,6,216431,2.77224612
Wollongong,2017,7,216431,3.23428714
Wollongong,2018,3,216431,1.38612306
Wollongong,2019,9,216431,4.15836918
Wollongong,2020,11,216431,5.08245122
Wollongong,2021,2,216431,0.92408204
Wollongong,2022,6,216431,2.77224612
Wongan-Ballidu,2016,1,1338,74.73841555
Wongan-Ballidu,2018,1,1338,74.73841555
Wongan-Ballidu,2020,1,1338,74.73841555
Woodanilling,2021,1,470,212.7659574
Woollahra,2015,2,53505,3.737968414
Woollahra,2016,1,53505,1.868984207
Woollahra,2017,1,53505,1.868984207
Woollahra,2022,2,53505,3.737968414
Wudinna,2020,1,1162,86.05851979
Wyndham,2015,5,309125,1.617468662
Wyndham,2016,10,309125,3.234937323
Wyndham,2017,6,309125,1.940962394
Wyndham,2018,4,309125,1.293974929
Wyndham,2019,8,309125,2.587949858
Wyndham,2020,5,309125,1.617468662
Wyndham,2021,6,309125,1.940962394
Wyndham,2022,5,309125,1.617468662
Wyndham-East Kimberley,2015,2,8057,24.82313516
Wyndham-East Kimberley,2016,2,8057,24.82313516
Wyndham-East Kimberley,2018,3,8057,37.23470274
Wyndham-East Kimberley,2019,2,8057,24.82313516
Wyndham-East Kimberley,2020,1,8057,12.41156758
Wyndham-East Kimberley,2021,1,8057,12.41156758
Yankalilla,2015,1,5992,16.68891856
Yankalilla,2017,1,5992,16.68891856
Yankalilla,2018,1,5992,16.68891856
Yankalilla,2019,2,5992,33.37783712
Yankalilla,2021,1,5992,16.68891856
Yankalilla,2022,1,5992,16.68891856
Yarra,2016,3,92301,3.250235642
Yarra,2017,1,92301,1.083411881
Yarra,2018,1,92301,1.083411881
Yarra,2019,1,92301,1.083411881
Yarra,2020,1,92301,1.083411881
Yarra,2021,2,92301,2.166823761
Yarra,2022,5,92301,5.417059403
Yarra Ranges,2015,11,157388,6.989097009
Yarra Ranges,2016,7,157388,4.447607187
Yarra Ranges,2017,7,157388,4.447607187
Yarra Ranges,2018,7,157388,4.447607187
Yarra Ranges,2019,9,157388,5.718352098
Yarra Ranges,2020,8,157388,5.082979643
Yarra Ranges,2021,4,157388,2.541489821
Yarra Ranges,2022,7,157388,4.447607187
Yarrabah,2020,2,2619,76.36502482
Yarriambiack,2016,2,6435,31.08003108
Yarriambiack,2017,1,6435,15.54001554
Yarriambiack,2019,1,6435,15.54001554
Yarriambiack,2021,1,6435,15.54001554
Yass Valley,2015,2,17379,11.50814201
Yass Valley,2016,3,17379,17.26221302
Yass Valley,2017,4,17379,23.01628402
Yass Valley,2018,5,17379,28.77035503
Yass Valley,2019,1,17379,5.754071005
Yass Valley,2020,5,17379,28.77035503
Yass Valley,2022,4,17379,23.01628402
Yilgarn,2019,3,1196,250.8361204
Yilgarn,2021,1,1196,83.61204013
York,2017,1,3567,28.03476311
York,2018,1,3567,28.03476311
York,2019,1,3567,28.03476311
York,2021,2,3567,56.06952621
Yorke Peninsula,2015,2,11921,16.77711601
Yorke Peninsula,2016,3,11921,25.16567402
Yorke Peninsula,2017,3,11921,25.16567402
Yorke Peninsula,2019,1,11921,8.388558007
Yorke Peninsula,2020,2,11921,16.77711601
Yorke Peninsula,2021,2,11921,16.77711601
